lead_id,company_size,industry,annual_revenue_lkr,location,engagement_score,website_visits,email_opens,demo_requested,days_since_first_contact,contact_level,budget_indicated_lkr,competitor_using,referral_source,converted
LEAD_0001,Medium,Agriculture,116701433,Kandy,87,25,16,No,15,Manager,4724984,Yes,Website,1
LEAD_0002,Medium,Finance,142242154,Kurunegala,77,45,4,No,105,Employee,5301443,No,Cold Call,1
LEAD_0003,Medium,IT/Software,134980432,Kurunegala,100,27,7,Yes,160,Manager,4643608,Yes,Referral,1
LEAD_0004,Small,Tourism,7239690,Colombo,100,33,11,No,166,C-Level,196625,No,Referral,1
LEAD_0005,Medium,IT/Software,128031305,Jaffna,48,17,3,No,116,Employee,4773010,No,Referral,0
LEAD_0006,Large,Education,625439788,Anuradhapura,94,36,2,Yes,130,Manager,23755417,Yes,Cold Call,1
LEAD_0007,Small,Finance,5393158,Colombo,100,46,4,Yes,132,Manager,99913,No,Referral,1
LEAD_0008,Small,Education,2499544,Matara,36,19,3,No,103,Employee,43150,Yes,Website,0
LEAD_0009,Medium,Retail,78960339,Kurunegala,97,25,16,No,142,C-Level,3484610,Yes,Social Media,1
LEAD_0010,Large,IT/Software,968162485,Galle,78,37,5,No,155,Manager,70533079,No,Social Media,0
LEAD_0011,Large,Retail,296805144,Anuradhapura,66,34,2,No,84,Manager,21701529,No,Cold Call,1
LEAD_0012,Small,IT/Software,10543786,Galle,91,9,17,Yes,46,Manager,246235,Yes,Social Media,1
LEAD_0013,Small,Agriculture,7868738,Galle,89,23,14,No,102,C-Level,138006,No,Social Media,1
LEAD_0014,Small,IT/Software,11048074,Kandy,100,43,8,Yes,73,Employee,283224,No,Website,1
LEAD_0015,Large,Education,797100873,Anuradhapura,14,8,1,No,163,Employee,45251567,No,Cold Call,0
LEAD_0016,Small,IT/Software,3729968,Kandy,100,18,16,Yes,107,Employee,64631,No,Referral,1
LEAD_0017,Large,Healthcare,547878204,Galle,100,23,12,Yes,21,Manager,36604590,No,Referral,1
LEAD_0018,Small,Education,15335612,Matara,100,42,4,Yes,127,Manager,347807,No,Trade Show,1
LEAD_0019,Small,Retail,19088131,Matara,100,32,2,Yes,73,C-Level,539232,Yes,Trade Show,1
LEAD_0020,Small,Finance,7105872,Kurunegala,85,12,9,Yes,109,C-Level,201660,No,Website,1
LEAD_0021,Small,Tourism,18047991,Colombo,100,48,12,No,170,Manager,360667,No,Cold Call,0
LEAD_0022,Medium,Healthcare,74637841,Kurunegala,68,12,10,No,47,Manager,1701969,No,Referral,1
LEAD_0023,Large,Retail,852739510,Matara,100,29,12,Yes,87,C-Level,55782409,Yes,Trade Show,1
LEAD_0024,Large,Manufacturing,534828581,Negombo,100,19,17,Yes,179,Manager,16007214,Yes,Trade Show,1
LEAD_0025,Medium,Healthcare,78415447,Jaffna,100,42,16,No,12,Manager,1906814,No,Cold Call,1
LEAD_0026,Small,IT/Software,22172625,Jaffna,43,9,12,No,127,Employee,656201,No,Cold Call,0
LEAD_0027,Medium,Healthcare,135876064,Jaffna,85,27,10,No,168,C-Level,4810923,No,Social Media,0
LEAD_0028,Large,Retail,688655868,Kandy,99,16,16,Yes,117,Manager,47463390,No,Cold Call,1
LEAD_0029,Medium,Education,25019192,Jaffna,64,8,3,Yes,48,C-Level,1073141,Yes,Cold Call,1
LEAD_0030,Small,Manufacturing,5063196,Galle,42,8,4,No,19,C-Level,63295,Yes,Website,0
LEAD_0031,Large,Education,769040209,Matara,100,37,1,Yes,108,C-Level,43577303,Yes,Referral,1
LEAD_0032,Small,IT/Software,9849513,Colombo,100,29,16,Yes,11,Employee,115568,No,Social Media,1
LEAD_0033,Small,Finance,9765308,Anuradhapura,100,25,14,Yes,109,Manager,116339,No,Trade Show,1
LEAD_0034,Large,Retail,905805333,Colombo,100,47,17,No,124,Manager,52781448,Yes,Website,0
LEAD_0035,Medium,Education,126584208,Galle,87,13,9,Yes,110,C-Level,2061100,No,Social Media,1
LEAD_0036,Large,Healthcare,672865366,Kurunegala,30,5,1,No,116,Manager,21909960,No,Trade Show,1
LEAD_0037,Large,Tourism,272048025,Galle,63,4,13,Yes,169,Employee,6962761,No,Website,1
LEAD_0038,Small,Agriculture,23081561,Anuradhapura,99,31,9,No,179,C-Level,437577,No,Trade Show,1
LEAD_0039,Medium,Healthcare,69018714,Kandy,100,30,3,Yes,40,C-Level,2149459,Yes,Referral,1
LEAD_0040,Medium,Retail,86377658,Kandy,100,30,10,Yes,47,Manager,3581264,No,Website,1
LEAD_0041,Large,IT/Software,286253118,Kurunegala,100,38,5,Yes,71,Manager,19455383,Yes,Website,1
LEAD_0042,Small,Healthcare,8641688,Galle,79,31,5,No,113,Manager,109629,No,Trade Show,0
LEAD_0043,Large,Finance,644685578,Colombo,100,37,15,Yes,79,C-Level,44476768,Yes,Social Media,1
LEAD_0044,Medium,Education,98979868,Colombo,100,38,18,Yes,179,Manager,3186186,No,Website,1
LEAD_0045,Medium,IT/Software,118081360,Kandy,100,21,8,Yes,63,Manager,4917358,No,Referral,1
LEAD_0046,Large,Finance,695972779,Jaffna,68,22,10,No,110,Manager,19226838,Yes,Social Media,1
LEAD_0047,Small,Finance,5704925,Colombo,100,36,12,Yes,48,Employee,163314,No,Website,1
LEAD_0048,Large,Tourism,988747329,Negombo,100,25,17,No,2,Manager,55134993,Yes,Trade Show,1
LEAD_0049,Large,Finance,151116544,Colombo,54,11,7,No,158,Manager,10826986,Yes,Trade Show,1
LEAD_0050,Large,Finance,602945277,Galle,74,16,12,No,70,C-Level,34850076,Yes,Website,1
LEAD_0051,Large,Agriculture,406589957,Kurunegala,100,33,7,Yes,118,Manager,15619590,Yes,Trade Show,1
LEAD_0052,Medium,Healthcare,107400635,Jaffna,92,28,16,No,31,Manager,2599657,Yes,Cold Call,1
LEAD_0053,Small,Manufacturing,23404307,Colombo,85,32,5,Yes,139,Employee,570540,No,Website,0
LEAD_0054,Small,Retail,19180028,Jaffna,100,48,9,Yes,152,Manager,435693,No,Social Media,1
LEAD_0055,Medium,Agriculture,114848800,Galle,100,39,0,Yes,46,C-Level,3137672,Yes,Website,1
LEAD_0056,Medium,Manufacturing,133102628,Kurunegala,39,8,7,No,80,Manager,2873291,No,Website,1
LEAD_0057,Small,Healthcare,2309902,Galle,92,28,12,No,59,Manager,63417,No,Trade Show,1
LEAD_0058,Large,Retail,970256571,Kandy,100,49,2,Yes,129,Manager,56528591,Yes,Website,1
LEAD_0059,Large,Healthcare,411024964,Matara,100,48,17,No,54,C-Level,18330302,No,Website,1
LEAD_0060,Small,Education,7145118,Anuradhapura,90,42,7,No,129,Manager,164962,Yes,Social Media,1
LEAD_0061,Small,Manufacturing,3815326,Matara,47,8,2,No,70,C-Level,97148,No,Trade Show,1
LEAD_0062,Large,Healthcare,632189465,Jaffna,100,28,16,Yes,155,Manager,19554847,No,Website,1
LEAD_0063,Small,Agriculture,18022752,Colombo,82,25,4,Yes,179,Manager,458334,No,Cold Call,1
LEAD_0064,Large,Agriculture,744267911,Galle,100,22,17,Yes,7,C-Level,50004835,Yes,Website,1
LEAD_0065,Small,Tourism,6874347,Anuradhapura,55,10,0,Yes,14,Employee,115705,No,Referral,1
LEAD_0066,Small,Manufacturing,23432455,Anuradhapura,80,25,5,No,14,C-Level,574700,No,Trade Show,1
LEAD_0067,Small,Education,7029701,Kandy,100,39,11,Yes,167,Manager,183391,Yes,Social Media,1
LEAD_0068,Medium,IT/Software,79315602,Kandy,100,34,12,Yes,59,C-Level,2508776,Yes,Social Media,0
LEAD_0069,Large,Tourism,500833767,Colombo,94,46,4,No,179,Employee,16731537,Yes,Referral,1
LEAD_0070,Small,Agriculture,10733995,Kandy,100,44,15,Yes,92,C-Level,138034,Yes,Trade Show,1
LEAD_0071,Medium,IT/Software,103812943,Galle,62,3,9,Yes,66,Manager,3534415,Yes,Cold Call,1
LEAD_0072,Large,Retail,800043546,Anuradhapura,38,2,0,Yes,103,Manager,24101041,No,Social Media,1
LEAD_0073,Medium,Tourism,139535540,Negombo,75,40,0,No,132,Employee,5498045,No,Referral,1
LEAD_0074,Medium,Education,62367679,Kandy,100,37,19,Yes,29,Employee,1032690,Yes,Website,1
LEAD_0075,Medium,Retail,145336196,Kandy,87,48,2,No,175,Manager,3348391,No,Cold Call,1
LEAD_0076,Small,IT/Software,6972893,Matara,97,43,9,No,146,Manager,74867,Yes,Website,1
LEAD_0077,Medium,Retail,65480218,Kurunegala,100,39,15,No,159,C-Level,1283043,No,Website,1
LEAD_0078,Medium,Tourism,127271023,Jaffna,52,18,2,No,150,C-Level,3188998,No,Cold Call,1
LEAD_0079,Medium,Finance,64705788,Galle,96,24,16,No,39,C-Level,2506397,Yes,Website,1
LEAD_0080,Large,Education,670464990,Anuradhapura,89,33,6,Yes,66,Employee,35101012,No,Website,1
LEAD_0081,Small,Finance,8510078,Negombo,100,49,11,No,8,Employee,138546,Yes,Trade Show,1
LEAD_0082,Medium,Retail,56551023,Colombo,87,13,19,No,149,Manager,2543404,No,Trade Show,0
LEAD_0083,Large,Manufacturing,415339541,Negombo,79,46,0,No,29,Manager,22840979,Yes,Website,1
LEAD_0084,Small,Agriculture,17910513,Kurunegala,68,4,17,No,173,C-Level,501542,Yes,Social Media,1
LEAD_0085,Medium,Finance,133764608,Matara,49,11,1,No,148,C-Level,4850824,No,Trade Show,1
LEAD_0086,Small,Tourism,4209201,Kurunegala,54,23,0,No,43,C-Level,58438,Yes,Website,1
LEAD_0087,Medium,Retail,36106355,Jaffna,100,39,15,No,149,C-Level,865436,Yes,Referral,1
LEAD_0088,Large,Agriculture,158041576,Negombo,79,21,19,No,30,Employee,4405068,No,Website,1
LEAD_0089,Medium,Education,70238647,Galle,89,41,3,No,138,C-Level,1468978,No,Social Media,1
LEAD_0090,Medium,Tourism,105248703,Kurunegala,100,24,11,Yes,84,Manager,3758979,Yes,Trade Show,1
LEAD_0091,Medium,Tourism,146825763,Anuradhapura,34,6,4,No,172,Employee,3454374,Yes,Referral,1
LEAD_0092,Medium,Tourism,59140419,Anuradhapura,59,3,0,Yes,81,C-Level,2214348,Yes,Trade Show,1
LEAD_0093,Large,Agriculture,976284039,Jaffna,100,35,18,Yes,67,Manager,56356735,No,Website,1
LEAD_0094,Small,Finance,18176044,Colombo,59,16,8,No,145,Employee,530347,No,Referral,0
LEAD_0095,Medium,Education,69557200,Kandy,55,7,12,No,141,Employee,3041578,Yes,Referral,0
LEAD_0096,Large,Tourism,996813833,Galle,90,27,2,Yes,4,Manager,68073317,Yes,Trade Show,1
LEAD_0097,Large,Finance,635978170,Matara,95,47,2,No,147,C-Level,29184073,Yes,Social Media,1
LEAD_0098,Large,Agriculture,152754733,Negombo,52,8,8,No,38,C-Level,8758721,No,Social Media,1
LEAD_0099,Medium,Retail,116285615,Colombo,86,39,5,No,51,Employee,4487604,Yes,Referral,0
LEAD_0100,Large,Education,345658228,Galle,100,47,14,Yes,100,Manager,17519141,Yes,Website,1
LEAD_0101,Large,Finance,559073058,Jaffna,92,18,2,Yes,118,C-Level,30842673,Yes,Referral,1
LEAD_0102,Large,Manufacturing,329664502,Negombo,86,19,13,Yes,91,Employee,11168195,Yes,Cold Call,1
LEAD_0103,Large,Tourism,707394580,Colombo,46,14,4,No,111,Employee,52685753,Yes,Referral,1
LEAD_0104,Small,Agriculture,9385799,Colombo,93,27,7,Yes,47,Manager,237539,Yes,Social Media,1
LEAD_0105,Small,Manufacturing,22450377,Jaffna,84,8,5,Yes,74,C-Level,340797,No,Referral,1
LEAD_0106,Medium,Education,70174927,Negombo,38,17,5,No,43,Employee,1800036,Yes,Cold Call,1
LEAD_0107,Small,Finance,22951635,Galle,30,7,4,No,57,Manager,574978,Yes,Cold Call,0
LEAD_0108,Medium,Finance,25910425,Kandy,59,8,7,No,101,C-Level,688756,Yes,Trade Show,1
LEAD_0109,Medium,Agriculture,95184434,Negombo,36,4,0,No,115,C-Level,2945936,No,Trade Show,0
LEAD_0110,Small,Manufacturing,18674898,Negombo,100,46,17,No,95,Manager,520797,Yes,Social Media,1
LEAD_0111,Medium,Healthcare,101206190,Matara,89,23,14,No,41,C-Level,1944455,Yes,Social Media,0
LEAD_0112,Large,IT/Software,683088893,Negombo,100,24,11,Yes,51,C-Level,27469580,No,Social Media,1
LEAD_0113,Large,Education,813258163,Kandy,96,14,12,Yes,113,C-Level,48632094,Yes,Cold Call,1
LEAD_0114,Large,Education,842100258,Matara,53,29,0,No,3,Employee,41049597,Yes,Trade Show,1
LEAD_0115,Small,IT/Software,5051248,Kurunegala,100,48,13,Yes,94,Manager,136750,Yes,Referral,0
LEAD_0116,Medium,Tourism,90813495,Negombo,86,41,6,No,84,Manager,1498086,Yes,Website,0
LEAD_0117,Large,Healthcare,152149964,Anuradhapura,100,8,19,Yes,149,C-Level,5497202,No,Referral,1
LEAD_0118,Large,Healthcare,683460505,Galle,95,15,19,No,56,Manager,27648417,Yes,Referral,1
LEAD_0119,Medium,IT/Software,45076784,Negombo,94,41,5,No,135,Manager,1851679,No,Trade Show,1
LEAD_0120,Medium,Agriculture,89333033,Galle,52,3,19,No,147,Employee,2091562,Yes,Cold Call,1
LEAD_0121,Medium,Agriculture,65969721,Colombo,98,4,19,Yes,154,C-Level,1656884,No,Website,1
LEAD_0122,Small,Finance,13302021,Negombo,32,15,0,No,34,Manager,215113,Yes,Website,0
LEAD_0123,Medium,Tourism,52650759,Anuradhapura,34,3,6,No,87,Employee,1605937,Yes,Referral,0
LEAD_0124,Large,Tourism,745049735,Matara,65,42,1,No,78,Employee,54083422,Yes,Website,0
LEAD_0125,Large,Education,996308537,Kurunegala,100,44,17,No,11,C-Level,27676444,No,Cold Call,1
LEAD_0126,Large,Healthcare,271260003,Negombo,100,24,16,No,173,C-Level,14654350,Yes,Trade Show,1
LEAD_0127,Medium,IT/Software,31250738,Anuradhapura,80,22,11,No,21,C-Level,1290994,No,Cold Call,1
LEAD_0128,Small,Tourism,13176063,Colombo,92,23,17,No,16,Employee,228203,Yes,Referral,0
LEAD_0129,Large,Education,578584822,Matara,55,0,8,No,108,C-Level,24129141,No,Referral,1
LEAD_0130,Small,Manufacturing,18468777,Kurunegala,77,18,12,No,141,C-Level,425889,Yes,Cold Call,0
LEAD_0131,Large,Healthcare,403336417,Matara,53,19,10,No,75,Employee,13225237,No,Social Media,1
LEAD_0132,Medium,IT/Software,142197799,Kurunegala,100,40,19,Yes,60,Employee,2823312,Yes,Website,1
LEAD_0133,Medium,Healthcare,54700885,Anuradhapura,100,47,18,No,139,Employee,1062285,No,Trade Show,1
LEAD_0134,Small,Manufacturing,24686119,Anuradhapura,46,24,4,No,130,Employee,573252,No,Cold Call,1
LEAD_0135,Medium,Retail,34649848,Negombo,50,15,7,No,147,Manager,1279090,Yes,Cold Call,1
LEAD_0136,Small,Tourism,9321147,Negombo,63,24,1,Yes,27,Employee,141628,Yes,Social Media,1
LEAD_0137,Small,IT/Software,14863076,Anuradhapura,48,4,9,No,135,C-Level,253924,Yes,Cold Call,1
LEAD_0138,Medium,IT/Software,91247563,Anuradhapura,95,27,2,Yes,119,Manager,2193839,Yes,Referral,1
LEAD_0139,Large,Manufacturing,795914775,Kurunegala,100,27,12,Yes,7,C-Level,55358296,No,Cold Call,1
LEAD_0140,Medium,Agriculture,127966516,Matara,100,23,13,Yes,113,Manager,4909520,No,Referral,1
LEAD_0141,Medium,Manufacturing,52830412,Negombo,65,5,13,Yes,72,Employee,1987184,No,Cold Call,1
LEAD_0142,Small,Tourism,8127406,Matara,100,41,19,No,178,C-Level,106900,Yes,Trade Show,1
LEAD_0143,Small,Agriculture,16801642,Negombo,100,2,18,Yes,1,C-Level,345829,No,Referral,1
LEAD_0144,Large,Retail,544807238,Colombo,88,44,5,No,172,Manager,36681005,Yes,Website,0
LEAD_0145,Large,Finance,936289235,Galle,75,32,5,No,83,Employee,55866192,Yes,Referral,1
LEAD_0146,Small,Retail,20043786,Kurunegala,89,23,6,Yes,55,Employee,362697,Yes,Referral,1
LEAD_0147,Large,Finance,848607743,Anuradhapura,62,15,10,No,80,Employee,25246795,No,Referral,0
LEAD_0148,Small,Healthcare,2766651,Jaffna,79,46,0,No,151,Manager,50216,Yes,Website,1
LEAD_0149,Medium,Tourism,107886723,Matara,42,20,1,No,106,Manager,2373551,Yes,Cold Call,1
LEAD_0150,Medium,Healthcare,85873716,Kurunegala,76,31,12,No,21,Employee,1352459,No,Social Media,0
LEAD_0151,Small,Tourism,18119658,Jaffna,72,20,17,No,77,Employee,457044,No,Social Media,0
LEAD_0152,Small,Finance,5147519,Matara,81,44,6,No,46,Employee,100501,Yes,Social Media,1
LEAD_0153,Small,Manufacturing,4825336,Jaffna,94,46,10,No,46,Employee,139747,No,Social Media,1
LEAD_0154,Small,Healthcare,10076953,Galle,92,13,7,Yes,16,C-Level,171145,No,Trade Show,1
LEAD_0155,Medium,Manufacturing,99425217,Matara,41,16,7,No,46,Employee,2080601,No,Cold Call,0
LEAD_0156,Small,Finance,3453387,Kurunegala,25,2,1,No,32,C-Level,52649,Yes,Website,1
LEAD_0157,Small,Manufacturing,13471225,Matara,84,23,16,No,40,Manager,172933,Yes,Website,0
LEAD_0158,Small,Retail,18930228,Galle,73,24,1,No,115,C-Level,318034,Yes,Referral,1
LEAD_0159,Medium,Healthcare,66026656,Kurunegala,89,38,3,No,30,Manager,2013221,Yes,Referral,1
LEAD_0160,Small,Tourism,8579974,Kandy,83,22,12,No,149,C-Level,113851,No,Social Media,1
LEAD_0161,Large,Healthcare,769418173,Anuradhapura,100,21,11,Yes,34,C-Level,29371034,No,Cold Call,1
LEAD_0162,Small,Retail,8861131,Anuradhapura,97,30,13,No,163,C-Level,234006,Yes,Website,1
LEAD_0163,Small,Retail,2911050,Kurunegala,59,3,2,Yes,131,Manager,42002,Yes,Referral,1
LEAD_0164,Large,Agriculture,730980439,Negombo,88,42,10,No,38,Employee,42718815,Yes,Website,1
LEAD_0165,Small,Education,18310888,Kandy,78,19,16,No,178,Manager,198872,Yes,Cold Call,0
LEAD_0166,Small,IT/Software,7541873,Colombo,80,37,2,No,27,C-Level,118659,Yes,Website,1
LEAD_0167,Small,IT/Software,12703643,Matara,100,31,18,No,10,C-Level,152512,No,Cold Call,1
LEAD_0168,Medium,Manufacturing,74794644,Kandy,83,17,15,No,7,C-Level,1513422,No,Social Media,1
LEAD_0169,Medium,Retail,77948775,Anuradhapura,79,8,15,No,126,C-Level,2574732,Yes,Trade Show,1
LEAD_0170,Medium,Retail,110882825,Galle,100,45,5,Yes,137,Manager,4956397,Yes,Website,1
LEAD_0171,Large,Finance,886042366,Anuradhapura,71,31,2,No,4,C-Level,53436895,Yes,Social Media,1
LEAD_0172,Small,Agriculture,9557658,Anuradhapura,57,3,13,No,45,Manager,100101,Yes,Trade Show,1
LEAD_0173,Small,Tourism,4555777,Anuradhapura,34,16,0,No,167,Manager,79631,No,Website,1
LEAD_0174,Large,Finance,302904441,Colombo,92,23,9,Yes,129,Manager,11415966,No,Cold Call,1
LEAD_0175,Large,Tourism,238017034,Negombo,100,27,16,Yes,107,C-Level,12974382,No,Referral,1
LEAD_0176,Large,Retail,782773152,Kurunegala,100,28,13,Yes,39,Employee,32793409,Yes,Trade Show,1
LEAD_0177,Large,Finance,879298563,Kandy,57,0,9,No,76,C-Level,32520539,Yes,Referral,1
LEAD_0178,Large,Manufacturing,600638824,Anuradhapura,48,12,4,No,173,C-Level,23589788,No,Cold Call,1
LEAD_0179,Small,Agriculture,15300485,Negombo,34,8,9,No,143,Employee,339852,No,Social Media,0
LEAD_0180,Large,Manufacturing,302580328,Jaffna,100,45,8,Yes,133,Manager,9619339,Yes,Referral,1
LEAD_0181,Medium,Manufacturing,99002693,Galle,9,6,0,No,55,Employee,2990781,Yes,Cold Call,1
LEAD_0182,Large,Finance,888315474,Galle,100,47,9,Yes,167,C-Level,64512995,No,Trade Show,1
LEAD_0183,Large,Education,610396218,Kandy,45,17,0,No,146,C-Level,45645650,Yes,Social Media,1
LEAD_0184,Medium,Agriculture,70376666,Colombo,18,7,3,No,158,Employee,2663934,No,Website,1
LEAD_0185,Small,Education,16835670,Colombo,86,34,6,No,166,C-Level,173298,No,Cold Call,1
LEAD_0186,Small,IT/Software,17710795,Negombo,83,2,18,Yes,87,Manager,484399,No,Social Media,1
LEAD_0187,Large,Retail,453205678,Matara,87,30,13,No,151,Manager,33773114,No,Cold Call,1
LEAD_0188,Small,Agriculture,3403027,Jaffna,97,28,12,Yes,30,Employee,73168,Yes,Cold Call,1
LEAD_0189,Medium,Agriculture,147057828,Anuradhapura,94,18,13,Yes,7,Manager,2567832,Yes,Social Media,1
LEAD_0190,Large,Healthcare,506550480,Negombo,91,9,17,Yes,84,Manager,19383719,No,Cold Call,1
LEAD_0191,Small,IT/Software,23336454,Kandy,78,19,12,No,139,C-Level,602288,No,Social Media,1
LEAD_0192,Medium,Retail,58108111,Anuradhapura,69,38,5,No,10,Employee,2265523,Yes,Social Media,0
LEAD_0193,Small,Tourism,7596311,Negombo,85,17,12,No,180,C-Level,227052,No,Trade Show,0
LEAD_0194,Small,Education,24774937,Negombo,100,37,18,No,43,C-Level,702034,Yes,Social Media,1
LEAD_0195,Medium,Education,43163711,Matara,96,26,15,No,146,Manager,1339764,No,Trade Show,1
LEAD_0196,Medium,Agriculture,149843550,Galle,68,12,10,Yes,70,Employee,5851899,Yes,Cold Call,1
LEAD_0197,Large,Manufacturing,503450153,Anuradhapura,82,15,2,Yes,88,C-Level,14943402,Yes,Trade Show,1
LEAD_0198,Small,Healthcare,11858085,Matara,100,43,17,No,148,Manager,162591,Yes,Cold Call,1
LEAD_0199,Large,Tourism,825266970,Kandy,100,46,11,Yes,99,Manager,48754035,Yes,Cold Call,1
LEAD_0200,Small,Finance,16056717,Jaffna,100,35,18,Yes,147,Manager,172577,No,Cold Call,1
LEAD_0201,Small,Finance,18512958,Negombo,100,42,9,Yes,107,Manager,311391,Yes,Referral,1
LEAD_0202,Medium,Manufacturing,114275165,Colombo,74,13,14,No,113,C-Level,3022064,Yes,Social Media,1
LEAD_0203,Large,IT/Software,635985877,Galle,100,40,3,Yes,68,Manager,43975571,No,Trade Show,1
LEAD_0204,Large,Agriculture,814397034,Colombo,100,41,13,Yes,23,Manager,29226493,No,Cold Call,1
LEAD_0205,Medium,Tourism,35094458,Colombo,30,17,2,No,165,Employee,850631,Yes,Website,0
LEAD_0206,Small,IT/Software,14660796,Galle,57,20,11,No,154,Employee,173008,Yes,Website,1
LEAD_0207,Small,Finance,16797675,Kurunegala,88,9,16,Yes,22,Employee,443393,No,Trade Show,1
LEAD_0208,Small,Manufacturing,23971332,Matara,78,14,15,No,92,C-Level,269418,No,Website,0
LEAD_0209,Large,Education,620137545,Kurunegala,56,24,4,No,165,Manager,33016961,Yes,Cold Call,0
LEAD_0210,Medium,Retail,145370272,Jaffna,88,19,4,Yes,109,Manager,3562378,No,Referral,1
LEAD_0211,Small,Finance,12597984,Colombo,85,17,16,No,169,C-Level,219054,Yes,Social Media,1
LEAD_0212,Medium,Tourism,106367666,Matara,47,10,5,No,66,Manager,2118961,Yes,Trade Show,1
LEAD_0213,Large,Manufacturing,811799849,Galle,40,2,11,No,170,Employee,40647758,No,Trade Show,1
LEAD_0214,Large,Retail,573504402,Anuradhapura,100,40,17,Yes,51,Employee,25520253,Yes,Referral,1
LEAD_0215,Small,Healthcare,20519607,Matara,74,28,5,No,36,C-Level,458068,No,Cold Call,1
LEAD_0216,Small,Education,9805425,Matara,74,38,1,No,172,Employee,259298,Yes,Referral,0
LEAD_0217,Large,Education,300101821,Jaffna,100,47,18,Yes,24,C-Level,9484562,No,Website,1
LEAD_0218,Small,Retail,8651607,Galle,26,4,4,No,68,Manager,189113,No,Cold Call,0
LEAD_0219,Large,Tourism,650210128,Colombo,100,19,14,Yes,33,C-Level,24035108,No,Referral,1
LEAD_0220,Large,IT/Software,468580737,Galle,99,41,5,No,34,Manager,12647004,No,Referral,1
LEAD_0221,Medium,Education,122307271,Galle,70,22,1,Yes,46,Employee,4479884,No,Trade Show,1
LEAD_0222,Large,Education,347743308,Negombo,98,42,2,No,177,C-Level,24467815,No,Trade Show,1
LEAD_0223,Small,Education,12488899,Anuradhapura,69,26,12,No,156,Employee,140652,Yes,Website,0
LEAD_0224,Medium,Healthcare,147655589,Galle,100,48,13,Yes,63,C-Level,5248957,Yes,Referral,1
LEAD_0225,Large,IT/Software,521267018,Jaffna,97,33,5,No,16,C-Level,35019529,No,Referral,1
LEAD_0226,Small,Healthcare,21155045,Matara,34,3,4,No,166,C-Level,466470,No,Social Media,1
LEAD_0227,Large,Manufacturing,451818754,Anuradhapura,100,43,6,Yes,39,Employee,12133798,Yes,Cold Call,1
LEAD_0228,Small,Education,9242783,Negombo,100,40,11,No,97,Manager,272286,Yes,Referral,1
LEAD_0229,Small,Finance,22838661,Matara,69,16,4,Yes,132,Employee,578373,Yes,Trade Show,0
LEAD_0230,Medium,Retail,118909352,Kurunegala,76,11,12,No,125,C-Level,4065977,No,Trade Show,1
LEAD_0231,Small,IT/Software,2408160,Matara,54,1,7,Yes,90,Manager,59833,Yes,Website,1
LEAD_0232,Medium,Healthcare,125481170,Negombo,100,40,17,No,72,Employee,3094887,No,Social Media,1
LEAD_0233,Small,Tourism,6462936,Negombo,16,4,0,No,130,Manager,102093,Yes,Cold Call,0
LEAD_0234,Small,IT/Software,6091405,Matara,77,8,18,No,141,C-Level,94165,No,Social Media,0
LEAD_0235,Large,Agriculture,833954675,Kandy,98,39,2,Yes,152,Employee,59658574,Yes,Trade Show,1
LEAD_0236,Large,Healthcare,269943226,Galle,85,27,10,No,19,C-Level,14955640,No,Cold Call,1
LEAD_0237,Medium,Education,66215118,Matara,65,5,11,No,44,C-Level,2847532,No,Trade Show,1
LEAD_0238,Large,IT/Software,783175461,Kandy,58,22,0,Yes,98,Employee,29880346,No,Website,1
LEAD_0239,Medium,Agriculture,34048603,Anuradhapura,100,28,16,Yes,157,Employee,1453614,Yes,Trade Show,1
LEAD_0240,Small,Healthcare,4580159,Kurunegala,100,41,8,Yes,31,Manager,127668,No,Cold Call,1
LEAD_0241,Medium,Tourism,53663997,Matara,54,13,0,Yes,167,Manager,2221156,Yes,Website,0
LEAD_0242,Medium,Healthcare,30215598,Jaffna,100,49,17,No,36,Employee,1048961,No,Website,0
LEAD_0243,Large,Healthcare,792737025,Kurunegala,100,46,14,Yes,118,C-Level,28809406,No,Website,1
LEAD_0244,Large,Retail,726967481,Galle,91,24,0,Yes,23,C-Level,20652979,Yes,Trade Show,1
LEAD_0245,Large,Agriculture,976605465,Kurunegala,100,43,12,No,104,Manager,57465403,No,Website,1
LEAD_0246,Small,Retail,9973385,Matara,65,10,16,No,64,Employee,174826,Yes,Trade Show,1
LEAD_0247,Medium,Retail,48498572,Kurunegala,100,38,14,Yes,123,Employee,2088344,Yes,Trade Show,1
LEAD_0248,Large,Retail,757505791,Matara,37,10,1,No,179,C-Level,42639809,No,Social Media,1
LEAD_0249,Large,Tourism,805610075,Anuradhapura,63,24,1,Yes,178,Employee,30433545,No,Website,1
LEAD_0250,Medium,Finance,88299025,Anuradhapura,69,6,6,Yes,57,C-Level,1887445,Yes,Website,1
LEAD_0251,Large,Agriculture,867002892,Kandy,77,28,2,No,46,C-Level,26356543,No,Trade Show,1
LEAD_0252,Medium,Retail,80041113,Galle,100,32,15,Yes,93,C-Level,3496167,No,Trade Show,1
LEAD_0253,Medium,Healthcare,35688105,Galle,57,20,3,No,98,C-Level,803624,No,Cold Call,1
LEAD_0254,Small,Agriculture,18040517,Jaffna,85,27,14,No,165,Manager,377246,Yes,Social Media,0
LEAD_0255,Small,Manufacturing,14156008,Anuradhapura,100,43,13,Yes,92,Manager,368640,No,Trade Show,1
LEAD_0256,Large,Education,518721678,Kurunegala,100,44,14,No,61,Employee,16933917,Yes,Trade Show,1
LEAD_0257,Medium,Healthcare,42379660,Anuradhapura,79,6,16,No,70,C-Level,1017095,Yes,Trade Show,1
LEAD_0258,Medium,Retail,96857461,Kurunegala,55,10,8,No,35,C-Level,3204222,Yes,Website,1
LEAD_0259,Small,Education,11189586,Matara,100,41,7,Yes,127,C-Level,158332,Yes,Cold Call,1
LEAD_0260,Medium,Tourism,37053240,Kurunegala,100,28,15,Yes,9,Employee,688162,Yes,Referral,1
LEAD_0261,Large,Tourism,360186261,Galle,100,44,17,No,95,Employee,12081320,No,Website,1
LEAD_0262,Large,Retail,354776577,Matara,51,4,0,Yes,46,C-Level,18308269,No,Cold Call,1
LEAD_0263,Large,Healthcare,720575628,Anuradhapura,100,34,18,No,46,C-Level,27820719,Yes,Social Media,1
LEAD_0264,Large,Finance,228663617,Kurunegala,43,14,5,No,68,Manager,15174797,No,Social Media,0
LEAD_0265,Small,Tourism,11612943,Matara,98,32,16,No,15,Manager,122345,Yes,Social Media,1
LEAD_0266,Medium,Education,137458514,Colombo,100,28,7,Yes,23,C-Level,5703755,No,Trade Show,1
LEAD_0267,Medium,Agriculture,144423629,Anuradhapura,69,8,15,No,141,Manager,3862974,Yes,Trade Show,1
LEAD_0268,Small,Healthcare,4984385,Anuradhapura,43,2,8,No,4,C-Level,69201,No,Cold Call,1
LEAD_0269,Small,Retail,8802886,Negombo,68,34,3,No,135,Manager,206303,No,Social Media,1
LEAD_0270,Medium,IT/Software,122701608,Kurunegala,71,16,19,No,156,Employee,2060703,Yes,Cold Call,1
LEAD_0271,Small,Education,11579524,Matara,100,45,14,Yes,86,Employee,220231,No,Social Media,1
LEAD_0272,Large,Tourism,326271777,Galle,72,30,7,No,70,Employee,21755560,No,Trade Show,1
LEAD_0273,Medium,Healthcare,32203238,Kandy,68,14,19,No,2,Employee,644841,No,Cold Call,1
LEAD_0274,Large,Education,904564818,Kandy,66,19,7,No,15,C-Level,50223173,Yes,Website,1
LEAD_0275,Large,Finance,246892829,Anuradhapura,55,10,2,Yes,16,Manager,14797132,No,Social Media,0
LEAD_0276,Medium,Healthcare,115192551,Galle,92,15,12,Yes,81,Employee,4734876,No,Referral,1
LEAD_0277,Medium,Agriculture,99979840,Matara,100,47,19,No,176,Employee,2167078,No,Trade Show,1
LEAD_0278,Medium,Tourism,123840107,Kandy,100,41,7,Yes,31,C-Level,3876058,No,Referral,1
LEAD_0279,Large,Healthcare,845036087,Kurunegala,63,17,7,No,76,C-Level,40600866,No,Website,1
LEAD_0280,Small,Manufacturing,11788431,Galle,74,8,17,No,132,C-Level,245572,No,Social Media,0
LEAD_0281,Large,Finance,475152722,Colombo,75,15,17,No,46,Employee,33168375,No,Trade Show,1
LEAD_0282,Large,Tourism,464308641,Kandy,66,26,3,No,125,C-Level,14912495,No,Website,1
LEAD_0283,Medium,Finance,146073364,Matara,81,34,2,Yes,17,Employee,3895254,Yes,Cold Call,1
LEAD_0284,Large,Finance,619705173,Colombo,61,21,12,No,151,Employee,27822344,Yes,Social Media,1
LEAD_0285,Medium,Retail,27864200,Kurunegala,76,34,10,No,107,Employee,1199014,Yes,Cold Call,1
LEAD_0286,Medium,Manufacturing,71831221,Negombo,87,43,9,No,38,Employee,2987151,Yes,Cold Call,0
LEAD_0287,Medium,Agriculture,143130326,Galle,70,37,6,No,176,Employee,3939248,Yes,Social Media,1
LEAD_0288,Medium,Agriculture,86622125,Jaffna,100,46,12,Yes,122,Employee,3182922,No,Trade Show,1
LEAD_0289,Small,Finance,12608458,Negombo,100,42,8,Yes,66,C-Level,296502,Yes,Social Media,1
LEAD_0290,Medium,Manufacturing,58149594,Kurunegala,100,37,5,No,6,C-Level,1386771,Yes,Referral,1
LEAD_0291,Large,Tourism,507453429,Kurunegala,52,15,8,No,88,Employee,34287313,Yes,Trade Show,1
LEAD_0292,Medium,IT/Software,130068857,Kandy,69,18,13,No,104,Manager,3578553,Yes,Cold Call,1
LEAD_0293,Small,Healthcare,18686321,Matara,54,13,14,No,180,Employee,417934,Yes,Cold Call,1
LEAD_0294,Small,IT/Software,7141762,Galle,100,30,16,Yes,102,Employee,160306,Yes,Trade Show,1
LEAD_0295,Small,Retail,5683602,Negombo,35,10,8,No,35,Employee,88627,No,Website,1
LEAD_0296,Small,Manufacturing,19871683,Kurunegala,19,8,3,No,23,Employee,202377,Yes,Website,1
LEAD_0297,Medium,Healthcare,97929592,Galle,69,13,6,No,84,C-Level,2633461,Yes,Referral,1
LEAD_0298,Small,Retail,3966760,Anuradhapura,90,32,17,No,108,Employee,41248,No,Website,0
LEAD_0299,Large,Education,634011712,Kandy,100,38,14,No,136,Manager,33333168,No,Referral,1
LEAD_0300,Small,Agriculture,1108732,Colombo,97,33,9,No,118,Manager,31475,Yes,Referral,1
LEAD_0301,Small,Tourism,17359339,Matara,82,5,18,No,66,C-Level,514128,No,Trade Show,1
LEAD_0302,Small,Tourism,12932718,Anuradhapura,66,41,2,No,142,Employee,369251,Yes,Cold Call,1
LEAD_0303,Small,Manufacturing,15192024,Kurunegala,85,17,16,No,48,C-Level,344198,Yes,Social Media,1
LEAD_0304,Medium,Finance,57519555,Kurunegala,83,12,18,No,140,C-Level,1849624,No,Social Media,0
LEAD_0305,Medium,Education,27637669,Negombo,76,19,5,No,18,C-Level,967470,No,Referral,1
LEAD_0306,Medium,Manufacturing,87184440,Galle,58,9,0,Yes,63,C-Level,1630690,Yes,Social Media,1
LEAD_0307,Large,Healthcare,478845493,Galle,100,40,14,No,34,Manager,31754223,Yes,Cold Call,1
LEAD_0308,Small,Agriculture,5919853,Jaffna,91,14,6,Yes,165,C-Level,140905,Yes,Trade Show,1
LEAD_0309,Medium,Retail,141025220,Colombo,97,18,6,Yes,5,C-Level,4775597,Yes,Trade Show,1
LEAD_0310,Small,Finance,23234447,Negombo,67,33,3,No,80,Manager,646862,Yes,Website,0
LEAD_0311,Medium,IT/Software,90497996,Matara,83,4,17,Yes,133,Manager,1516947,No,Website,1
LEAD_0312,Large,IT/Software,572786725,Kurunegala,98,49,2,No,91,C-Level,18598487,Yes,Website,1
LEAD_0313,Small,Manufacturing,1500242,Anuradhapura,97,15,12,Yes,157,C-Level,26771,Yes,Social Media,1
LEAD_0314,Medium,Retail,148595099,Kurunegala,64,21,5,No,36,C-Level,5740510,No,Website,1
LEAD_0315,Medium,Education,31494260,Kandy,83,39,4,No,174,Employee,1242992,Yes,Referral,1
LEAD_0316,Small,Tourism,5666467,Negombo,97,35,12,No,147,Employee,121185,No,Referral,1
LEAD_0317,Medium,Agriculture,44856627,Galle,20,10,2,No,174,Employee,2002043,No,Website,1
LEAD_0318,Large,Manufacturing,394939174,Jaffna,49,8,5,Yes,149,Employee,13838531,Yes,Website,1
LEAD_0319,Small,Agriculture,20476501,Galle,100,23,17,Yes,49,C-Level,409442,Yes,Website,1
LEAD_0320,Large,Finance,719025374,Anuradhapura,99,13,14,Yes,55,Manager,18942058,No,Trade Show,1
LEAD_0321,Large,Agriculture,224697058,Galle,100,16,11,Yes,19,C-Level,9969138,Yes,Trade Show,1
LEAD_0322,Large,Tourism,390681681,Colombo,100,30,16,Yes,50,Manager,13023208,No,Social Media,1
LEAD_0323,Large,Healthcare,161679221,Kurunegala,100,38,10,Yes,137,Employee,9195212,Yes,Social Media,0
LEAD_0324,Medium,Education,98404927,Kurunegala,69,23,10,No,22,Manager,3780176,No,Social Media,1
LEAD_0325,Medium,IT/Software,29658964,Colombo,100,36,10,Yes,14,C-Level,700291,Yes,Trade Show,1
LEAD_0326,Small,Education,7104873,Galle,100,28,19,No,11,C-Level,102395,Yes,Referral,1
LEAD_0327,Small,Education,2062434,Negombo,100,45,14,No,149,Manager,38566,No,Trade Show,1
LEAD_0328,Large,Education,973483840,Kurunegala,100,31,14,Yes,38,Employee,63528279,Yes,Website,1
LEAD_0329,Small,Manufacturing,3326159,Matara,46,1,10,No,77,C-Level,49846,Yes,Cold Call,0
LEAD_0330,Medium,Agriculture,35074770,Matara,28,7,3,No,99,Manager,1297865,Yes,Cold Call,0
LEAD_0331,Large,Finance,532760584,Colombo,100,43,17,Yes,167,Employee,29624867,No,Cold Call,1
LEAD_0332,Large,Healthcare,787331945,Colombo,30,5,5,No,83,Employee,27576550,No,Trade Show,0
LEAD_0333,Small,Finance,23291289,Anuradhapura,62,23,3,No,47,C-Level,421673,Yes,Cold Call,1
LEAD_0334,Small,Healthcare,15297464,Matara,100,46,12,No,36,C-Level,432078,Yes,Trade Show,1
LEAD_0335,Large,IT/Software,354057021,Kandy,87,28,4,Yes,115,Manager,23087113,Yes,Website,1
LEAD_0336,Large,Healthcare,918446483,Matara,78,29,10,No,152,Manager,51184885,No,Social Media,1
LEAD_0337,Medium,Manufacturing,119688352,Kurunegala,85,12,19,No,151,C-Level,2040141,Yes,Website,1
LEAD_0338,Large,Manufacturing,829880150,Negombo,95,27,18,No,16,Manager,26721434,Yes,Website,1
LEAD_0339,Small,Retail,6609375,Jaffna,100,26,12,Yes,16,Manager,186577,Yes,Trade Show,1
LEAD_0340,Large,Agriculture,330495419,Negombo,51,24,0,No,163,Employee,12211859,No,Referral,1
LEAD_0341,Medium,Finance,105019280,Matara,60,17,0,No,160,C-Level,3065118,No,Referral,1
LEAD_0342,Large,Education,474978386,Galle,100,27,18,Yes,76,Manager,19664594,No,Referral,1
LEAD_0343,Small,Tourism,3404541,Colombo,81,29,5,Yes,142,Employee,45476,Yes,Cold Call,1
LEAD_0344,Large,Finance,411064035,Negombo,95,27,18,No,75,Manager,29954305,Yes,Website,1
LEAD_0345,Medium,IT/Software,104921200,Galle,87,43,1,No,23,C-Level,1632565,No,Website,1
LEAD_0346,Medium,Finance,97530189,Colombo,87,28,10,No,174,C-Level,2802567,No,Website,1
LEAD_0347,Small,Retail,19223794,Galle,100,31,11,Yes,52,Manager,447677,No,Website,1
LEAD_0348,Medium,Agriculture,88727524,Kandy,96,4,18,Yes,143,C-Level,2316953,No,Social Media,1
LEAD_0349,Small,IT/Software,12721560,Kurunegala,49,3,14,No,114,Manager,187117,No,Website,0
LEAD_0350,Large,Tourism,326963126,Kandy,97,23,11,Yes,110,Manager,22921725,Yes,Website,1
LEAD_0351,Large,Education,959513002,Colombo,64,1,17,No,72,C-Level,48129384,No,Website,1
LEAD_0352,Large,Education,492735168,Anuradhapura,81,9,17,Yes,3,Employee,16831370,No,Cold Call,1
LEAD_0353,Small,Finance,13371594,Galle,88,34,7,No,12,C-Level,372402,Yes,Website,1
LEAD_0354,Large,Retail,459060095,Galle,65,37,0,No,7,Employee,29086472,Yes,Trade Show,1
LEAD_0355,Small,Tourism,8695824,Anuradhapura,95,30,16,No,149,Manager,256019,Yes,Social Media,0
LEAD_0356,Large,Agriculture,160474850,Anuradhapura,100,44,5,Yes,17,Manager,11333426,No,Social Media,1
LEAD_0357,Large,Finance,762826432,Colombo,48,17,5,No,111,Manager,42602604,Yes,Cold Call,1
LEAD_0358,Medium,Agriculture,84962675,Kurunegala,99,31,9,No,140,C-Level,2047114,No,Trade Show,1
LEAD_0359,Small,IT/Software,11702537,Kandy,79,21,11,No,108,C-Level,226962,No,Cold Call,1
LEAD_0360,Large,Tourism,778654767,Kandy,54,28,1,No,143,Manager,25209012,No,Cold Call,1
LEAD_0361,Small,Healthcare,13843522,Kandy,100,33,19,Yes,165,Employee,314270,Yes,Referral,1
LEAD_0362,Medium,Tourism,118011184,Kurunegala,100,38,1,Yes,76,C-Level,2060607,No,Trade Show,1
LEAD_0363,Medium,Manufacturing,140500224,Kandy,64,3,6,Yes,36,Manager,2400102,No,Trade Show,1
LEAD_0364,Large,Finance,831006284,Negombo,43,22,0,No,46,Manager,50059777,No,Website,1
LEAD_0365,Medium,Retail,34998481,Jaffna,12,3,3,No,119,Employee,773040,No,Social Media,0
LEAD_0366,Medium,Education,128558899,Colombo,62,8,2,Yes,60,C-Level,4790072,No,Cold Call,1
LEAD_0367,Medium,IT/Software,116944661,Colombo,98,42,10,No,3,Manager,4794464,Yes,Cold Call,1
LEAD_0368,Large,Finance,748585541,Kandy,31,19,1,No,42,Employee,43496669,Yes,Social Media,1
LEAD_0369,Small,Retail,14081529,Anuradhapura,51,14,4,No,28,C-Level,230997,Yes,Social Media,0
LEAD_0370,Large,Tourism,826465125,Negombo,100,21,10,Yes,7,Manager,44822406,Yes,Trade Show,1
LEAD_0371,Large,Retail,247390224,Kurunegala,100,35,12,Yes,10,C-Level,14441812,No,Website,1
LEAD_0372,Large,IT/Software,475440947,Negombo,94,28,11,Yes,158,Employee,28440052,Yes,Website,1
LEAD_0373,Small,Retail,2169666,Colombo,100,41,9,No,1,Manager,56962,No,Trade Show,1
LEAD_0374,Small,Tourism,23048537,Jaffna,100,17,14,Yes,118,C-Level,670131,No,Referral,1
LEAD_0375,Large,Manufacturing,973954955,Galle,43,19,0,No,152,Employee,53156426,Yes,Referral,1
LEAD_0376,Large,Agriculture,430811439,Jaffna,57,15,0,Yes,110,Manager,24835764,Yes,Cold Call,1
LEAD_0377,Small,Finance,17034414,Matara,94,8,19,Yes,106,Manager,386117,No,Website,1
LEAD_0378,Medium,Education,143929846,Kurunegala,87,33,7,No,137,C-Level,4133309,No,Website,1
LEAD_0379,Small,Retail,6758962,Colombo,70,27,2,Yes,95,Employee,126194,Yes,Cold Call,0
LEAD_0380,Small,Manufacturing,1751361,Negombo,100,30,12,Yes,148,Employee,26369,No,Cold Call,1
LEAD_0381,Small,Tourism,14691739,Anuradhapura,92,38,6,No,49,C-Level,172180,No,Social Media,1
LEAD_0382,Large,Finance,430841547,Negombo,58,2,4,Yes,67,Manager,13033287,Yes,Trade Show,0
LEAD_0383,Small,Finance,10452645,Galle,100,20,16,Yes,120,Manager,202517,No,Cold Call,0
LEAD_0384,Large,Healthcare,558986914,Jaffna,64,1,15,Yes,162,Employee,21714507,No,Website,1
LEAD_0385,Medium,Finance,55953937,Negombo,65,15,3,Yes,54,Manager,2424687,No,Website,1
LEAD_0386,Large,Retail,173690982,Kandy,63,19,6,No,147,C-Level,4591699,Yes,Website,1
LEAD_0387,Small,Healthcare,18672180,Galle,100,33,13,Yes,145,Manager,507088,No,Social Media,1
LEAD_0388,Large,Tourism,693877006,Matara,100,34,17,Yes,141,Employee,33253253,No,Website,1
LEAD_0389,Large,Education,492314201,Negombo,100,27,6,Yes,155,C-Level,30804064,No,Referral,1
LEAD_0390,Small,Healthcare,14108199,Kurunegala,23,4,7,No,34,Employee,170200,Yes,Cold Call,0
LEAD_0391,Large,Manufacturing,599728494,Negombo,100,44,7,Yes,29,Employee,36663388,No,Website,1
LEAD_0392,Medium,Healthcare,110416255,Kurunegala,85,22,15,No,56,Employee,1887369,No,Referral,1
LEAD_0393,Medium,Finance,123485640,Jaffna,100,33,12,No,96,C-Level,5243639,No,Trade Show,1
LEAD_0394,Medium,IT/Software,146103209,Kandy,100,24,19,No,147,C-Level,2962168,Yes,Website,1
LEAD_0395,Small,Education,11741106,Colombo,85,27,4,No,169,C-Level,151741,Yes,Referral,1
LEAD_0396,Medium,Manufacturing,146873654,Matara,100,10,19,Yes,25,Employee,5134580,Yes,Referral,1
LEAD_0397,Large,Retail,530322421,Anuradhapura,53,14,3,No,92,Manager,37173990,Yes,Referral,1
LEAD_0398,Medium,Healthcare,133918492,Colombo,100,25,11,Yes,47,Manager,2430321,No,Website,1
LEAD_0399,Small,Healthcare,10117353,Kandy,57,10,9,No,18,C-Level,208420,Yes,Social Media,0
LEAD_0400,Large,Healthcare,604547984,Kandy,87,13,19,No,179,Manager,43737612,Yes,Trade Show,1
LEAD_0401,Medium,Finance,44356438,Kurunegala,100,39,15,Yes,101,Employee,1705499,Yes,Social Media,1
LEAD_0402,Large,Retail,395239838,Galle,100,43,9,Yes,7,Manager,28474404,Yes,Website,1
LEAD_0403,Small,Manufacturing,6985967,Matara,47,18,4,No,175,Manager,110454,Yes,Cold Call,0
LEAD_0404,Small,Education,13276746,Galle,100,21,14,Yes,60,Employee,381313,Yes,Referral,1
LEAD_0405,Medium,Finance,42756881,Matara,83,49,4,No,124,Employee,1049779,No,Cold Call,0
LEAD_0406,Small,Finance,9987513,Kandy,51,11,4,Yes,13,Employee,118262,Yes,Website,1
LEAD_0407,Large,Retail,757559129,Anuradhapura,82,15,10,No,2,C-Level,29751032,Yes,Referral,1
LEAD_0408,Large,Education,859989690,Jaffna,100,30,12,No,149,C-Level,30243353,Yes,Referral,1
LEAD_0409,Medium,Agriculture,115491701,Colombo,62,20,13,No,135,Employee,4158415,Yes,Social Media,0
LEAD_0410,Large,Manufacturing,260293599,Galle,55,35,1,No,127,Employee,15144594,Yes,Cold Call,1
LEAD_0411,Large,Finance,806785231,Matara,100,35,13,Yes,159,Manager,30163180,Yes,Referral,1
LEAD_0412,Large,Finance,877066594,Jaffna,15,0,2,No,32,Manager,47493608,Yes,Website,1
LEAD_0413,Medium,Tourism,49772420,Negombo,75,22,17,No,145,Employee,1872322,No,Website,1
LEAD_0414,Small,Tourism,1962343,Anuradhapura,32,8,0,No,5,C-Level,20819,Yes,Social Media,0
LEAD_0415,Small,Healthcare,4175730,Kandy,91,34,10,No,13,Employee,75260,Yes,Referral,1
LEAD_0416,Large,Finance,558112107,Jaffna,100,39,9,Yes,104,C-Level,13994758,Yes,Social Media,1
LEAD_0417,Small,Tourism,9994647,Jaffna,100,49,17,Yes,123,Employee,279441,No,Cold Call,1
LEAD_0418,Large,Manufacturing,892752058,Matara,100,46,1,Yes,39,C-Level,38351199,Yes,Referral,1
LEAD_0419,Large,Healthcare,274032013,Anuradhapura,39,3,14,No,133,Employee,13096159,Yes,Social Media,1
LEAD_0420,Medium,Healthcare,27571613,Kandy,94,21,9,Yes,8,Employee,1231862,No,Referral,1
LEAD_0421,Large,Agriculture,958057736,Jaffna,69,13,6,Yes,155,Manager,25938052,No,Social Media,1
LEAD_0422,Large,Agriculture,777506781,Anuradhapura,53,12,4,No,51,Manager,37434302,Yes,Referral,1
LEAD_0423,Medium,Healthcare,72027187,Galle,75,7,8,Yes,138,C-Level,3071346,Yes,Social Media,1
LEAD_0424,Large,Manufacturing,449552077,Kandy,100,48,17,Yes,18,Manager,18801135,Yes,Trade Show,0
LEAD_0425,Medium,Healthcare,98250695,Kurunegala,68,4,15,Yes,35,Employee,3980850,Yes,Cold Call,0
LEAD_0426,Small,Healthcare,10693889,Anuradhapura,77,3,15,Yes,80,Manager,136837,No,Social Media,1
LEAD_0427,Small,IT/Software,13811691,Matara,57,25,2,No,64,Employee,157035,No,Referral,1
LEAD_0428,Medium,Agriculture,131118625,Kandy,100,45,3,No,94,C-Level,5483062,No,Trade Show,1
LEAD_0429,Small,IT/Software,8452488,Matara,50,5,3,No,176,C-Level,243381,Yes,Referral,1
LEAD_0430,Small,Agriculture,9518431,Negombo,67,25,12,No,127,Employee,166784,No,Website,1
LEAD_0431,Medium,Manufacturing,139133858,Galle,39,18,1,No,85,Manager,4852760,No,Website,1
LEAD_0432,Medium,Education,102754692,Kurunegala,76,26,1,Yes,77,Manager,3100773,Yes,Website,1
LEAD_0433,Small,Manufacturing,1877197,Kurunegala,59,1,9,No,138,C-Level,21955,No,Referral,1
LEAD_0434,Large,Retail,661940658,Anuradhapura,49,31,1,No,168,Employee,25320956,No,Social Media,1
LEAD_0435,Large,IT/Software,366393790,Kurunegala,94,11,13,Yes,77,C-Level,17360021,Yes,Cold Call,1
LEAD_0436,Large,Manufacturing,996125094,Kandy,99,23,8,Yes,42,C-Level,28662207,No,Website,1
LEAD_0437,Medium,Tourism,105847966,Colombo,82,30,15,No,96,Employee,1981320,No,Website,1
LEAD_0438,Large,Agriculture,521177033,Matara,42,8,0,No,130,C-Level,19410943,Yes,Trade Show,1
LEAD_0439,Medium,Tourism,50936847,Negombo,51,9,9,No,33,Employee,2013856,No,Referral,0
LEAD_0440,Medium,IT/Software,62668223,Anuradhapura,55,20,0,Yes,31,Employee,955983,No,Social Media,0
LEAD_0441,Medium,Finance,56726445,Kurunegala,93,22,0,Yes,61,C-Level,1901961,No,Referral,1
LEAD_0442,Large,Manufacturing,383136633,Colombo,100,24,14,Yes,28,Employee,16093117,No,Trade Show,1
LEAD_0443,Medium,Education,116150094,Kandy,100,25,16,Yes,64,Manager,1765156,Yes,Trade Show,1
LEAD_0444,Small,Finance,17025585,Kandy,50,0,14,No,40,Employee,256408,Yes,Referral,1
LEAD_0445,Medium,IT/Software,141228681,Jaffna,50,0,0,Yes,94,Manager,2557734,Yes,Referral,1
LEAD_0446,Large,Retail,632456898,Colombo,89,28,1,Yes,158,Manager,19770360,No,Trade Show,1
LEAD_0447,Medium,IT/Software,65483770,Anuradhapura,64,13,8,Yes,116,Employee,1794731,Yes,Social Media,1
LEAD_0448,Medium,Education,136867259,Kandy,100,7,16,Yes,154,C-Level,3114838,No,Trade Show,1
LEAD_0449,Large,IT/Software,872392430,Kurunegala,100,27,10,No,81,C-Level,30118180,No,Referral,1
LEAD_0450,Small,IT/Software,21872173,Jaffna,93,44,5,No,46,Employee,280094,No,Referral,1
LEAD_0451,Small,Retail,3226360,Galle,100,45,6,Yes,149,Employee,38534,No,Cold Call,0
LEAD_0452,Small,Education,3669164,Negombo,100,46,15,No,7,Employee,80227,No,Trade Show,1
LEAD_0453,Small,Manufacturing,21354164,Kurunegala,68,19,2,Yes,89,Manager,580273,No,Website,1
LEAD_0454,Medium,Education,61333202,Negombo,64,3,10,Yes,58,Manager,1142161,No,Cold Call,1
LEAD_0455,Large,Agriculture,201548641,Galle,83,24,19,No,149,Employee,10518251,Yes,Website,1
LEAD_0456,Small,Tourism,22521160,Kurunegala,60,15,1,Yes,143,Manager,364204,Yes,Cold Call,0
LEAD_0457,Small,Tourism,13917191,Anuradhapura,68,7,9,Yes,88,Manager,386294,Yes,Cold Call,1
LEAD_0458,Small,Agriculture,5550713,Galle,66,34,2,No,18,Employee,124036,No,Trade Show,1
LEAD_0459,Small,Tourism,23883958,Anuradhapura,100,44,14,No,149,C-Level,514021,Yes,Cold Call,1
LEAD_0460,Medium,Agriculture,59635591,Kurunegala,68,27,3,No,30,C-Level,1966784,Yes,Social Media,1
LEAD_0461,Small,IT/Software,7318073,Jaffna,100,20,16,Yes,51,Manager,117452,No,Website,1
LEAD_0462,Small,Agriculture,16051030,Kurunegala,38,2,14,No,113,Employee,403360,No,Website,1
LEAD_0463,Small,Finance,6847788,Galle,75,12,15,No,179,C-Level,164294,No,Website,1
LEAD_0464,Small,Healthcare,20392787,Matara,83,34,5,No,113,C-Level,271440,Yes,Website,1
LEAD_0465,Small,IT/Software,20620869,Kandy,100,23,16,Yes,68,C-Level,263032,Yes,Website,1
LEAD_0466,Small,IT/Software,22946247,Anuradhapura,81,9,19,No,29,C-Level,529524,No,Social Media,1
LEAD_0467,Medium,IT/Software,101633813,Kandy,45,0,8,No,158,Manager,3661006,No,Referral,1
LEAD_0468,Medium,Finance,108488118,Kurunegala,73,32,6,No,35,Manager,2307602,No,Website,1
LEAD_0469,Small,Retail,14900139,Negombo,22,0,5,No,144,Manager,297256,Yes,Website,0
LEAD_0470,Small,Manufacturing,6075691,Matara,73,19,10,No,121,Manager,61258,No,Trade Show,0
LEAD_0471,Medium,Finance,35844153,Anuradhapura,100,32,15,Yes,101,C-Level,1307708,Yes,Cold Call,1
LEAD_0472,Medium,Education,73961718,Anuradhapura,88,44,9,No,175,Employee,1191169,Yes,Cold Call,0
LEAD_0473,Large,Agriculture,820175416,Colombo,62,23,3,No,50,C-Level,42295359,Yes,Cold Call,1
LEAD_0474,Small,Healthcare,18288724,Kandy,68,27,3,No,86,C-Level,241428,Yes,Cold Call,1
LEAD_0475,Medium,Retail,92543707,Negombo,62,30,7,No,166,Employee,1727391,No,Website,1
LEAD_0476,Medium,Finance,78411469,Jaffna,100,49,14,No,133,Employee,2194934,Yes,Referral,1
LEAD_0477,Large,Retail,300767595,Anuradhapura,69,8,19,No,85,Manager,12200646,Yes,Social Media,0
LEAD_0478,Medium,Agriculture,61150844,Matara,74,21,3,Yes,173,Manager,2466910,Yes,Website,1
LEAD_0479,Large,Tourism,832754635,Galle,16,4,4,No,98,Employee,22547765,Yes,Cold Call,0
LEAD_0480,Medium,Agriculture,124311346,Kurunegala,23,4,1,No,157,Employee,3650702,Yes,Referral,0
LEAD_0481,Medium,Tourism,130529149,Kurunegala,77,43,1,No,60,Employee,3659844,Yes,Trade Show,1
LEAD_0482,Small,Tourism,4485361,Anuradhapura,100,37,12,No,23,C-Level,95463,Yes,Social Media,0
LEAD_0483,Large,Education,291425785,Negombo,100,32,6,Yes,77,C-Level,9640499,No,Website,1
LEAD_0484,Small,Agriculture,15775351,Kurunegala,85,27,6,No,92,C-Level,437994,Yes,Trade Show,0
LEAD_0485,Small,Manufacturing,4385115,Anuradhapura,100,34,19,Yes,129,C-Level,58923,Yes,Trade Show,1
LEAD_0486,Large,IT/Software,212981010,Negombo,93,47,1,No,7,C-Level,10796017,No,Website,1
LEAD_0487,Small,Retail,15521765,Matara,79,33,8,No,125,Manager,237530,Yes,Website,0
LEAD_0488,Small,Finance,14138398,Jaffna,73,19,14,No,157,Manager,193533,Yes,Cold Call,1
LEAD_0489,Medium,Manufacturing,124820327,Galle,26,11,4,No,99,Employee,3597317,Yes,Cold Call,0
LEAD_0490,Medium,Agriculture,134059422,Kandy,88,42,6,No,55,Manager,3434928,No,Social Media,1
LEAD_0491,Large,Agriculture,418331156,Galle,64,13,8,Yes,131,Employee,30932962,Yes,Social Media,1
LEAD_0492,Small,Healthcare,3212314,Galle,66,26,3,No,107,Manager,51874,No,Trade Show,1
LEAD_0493,Small,Healthcare,24277867,Matara,83,9,14,Yes,35,Employee,710923,Yes,Trade Show,1
LEAD_0494,Medium,IT/Software,76920052,Matara,69,8,9,No,130,C-Level,3285113,Yes,Referral,1
LEAD_0495,Medium,Healthcare,121289404,Negombo,84,38,7,No,54,Manager,3411737,No,Cold Call,1
LEAD_0496,Large,Retail,334898194,Colombo,90,5,15,Yes,132,Manager,13023962,Yes,Trade Show,1
LEAD_0497,Large,Tourism,801244600,Galle,56,11,8,No,117,C-Level,51282314,No,Website,1
LEAD_0498,Large,Finance,369021408,Colombo,100,10,18,Yes,36,C-Level,22332974,No,Website,1
LEAD_0499,Large,Retail,610559012,Anuradhapura,100,31,19,Yes,56,Employee,41190100,No,Social Media,1
LEAD_0500,Large,Tourism,702704492,Negombo,92,20,7,Yes,141,Manager,35661221,Yes,Trade Show,1
LEAD_0501,Large,Agriculture,881190914,Anuradhapura,96,46,7,No,70,Employee,62614829,No,Trade Show,1
LEAD_0502,Small,IT/Software,17624152,Colombo,100,27,8,Yes,7,Manager,336640,Yes,Trade Show,1
LEAD_0503,Small,Education,24083493,Jaffna,90,15,17,Yes,156,Employee,258635,Yes,Cold Call,1
LEAD_0504,Large,Retail,261924729,Anuradhapura,76,11,2,Yes,168,C-Level,13209540,No,Trade Show,1
LEAD_0505,Medium,Finance,129320670,Matara,65,22,5,No,105,C-Level,5388425,No,Social Media,1
LEAD_0506,Small,Education,10163655,Colombo,100,25,12,Yes,32,Employee,170395,No,Trade Show,1
LEAD_0507,Small,Retail,20397420,Galle,100,24,12,Yes,33,Manager,359972,No,Referral,1
LEAD_0508,Small,Agriculture,4250741,Kurunegala,89,28,19,No,50,Employee,94000,Yes,Cold Call,0
LEAD_0509,Medium,Retail,44339040,Anuradhapura,100,22,19,Yes,177,Manager,1735019,No,Social Media,1
LEAD_0510,Medium,Manufacturing,87470291,Kandy,25,15,1,No,73,Employee,3846146,No,Cold Call,0
LEAD_0511,Small,IT/Software,23344392,Colombo,26,1,10,No,140,Employee,237351,Yes,Social Media,1
LEAD_0512,Small,Tourism,9177476,Anuradhapura,100,38,14,No,137,Manager,272730,Yes,Cold Call,0
LEAD_0513,Small,Retail,14211864,Jaffna,21,1,8,No,19,Employee,182854,Yes,Social Media,0
LEAD_0514,Medium,Finance,40550691,Jaffna,54,28,1,No,15,Employee,900172,Yes,Trade Show,1
LEAD_0515,Large,Healthcare,220238688,Galle,42,25,2,No,30,Employee,7593852,No,Cold Call,1
LEAD_0516,Medium,Manufacturing,79341326,Kurunegala,100,23,15,No,86,C-Level,2848702,No,Trade Show,1
LEAD_0517,Small,IT/Software,21095744,Jaffna,50,25,1,No,155,Manager,220587,Yes,Social Media,1
LEAD_0518,Large,Manufacturing,875459375,Kandy,90,37,2,No,26,C-Level,55555820,No,Trade Show,1
LEAD_0519,Large,Tourism,531256617,Anuradhapura,77,13,19,No,145,Employee,17261504,No,Trade Show,1
LEAD_0520,Small,Manufacturing,10611746,Colombo,78,44,1,No,176,Manager,282996,Yes,Website,1
LEAD_0521,Medium,Tourism,122246738,Galle,100,36,19,Yes,123,Employee,1885166,Yes,Social Media,1
LEAD_0522,Small,Manufacturing,7589662,Anuradhapura,82,25,10,No,132,C-Level,178906,Yes,Social Media,0
LEAD_0523,Large,Education,778525402,Kandy,35,0,10,No,81,Manager,45860823,No,Website,1
LEAD_0524,Small,Agriculture,19925248,Kandy,94,8,15,Yes,164,C-Level,334543,No,Social Media,1
LEAD_0525,Medium,Finance,100697849,Jaffna,57,20,7,No,171,Employee,2411617,Yes,Trade Show,1
LEAD_0526,Small,Education,1740549,Jaffna,37,5,2,Yes,79,Employee,23083,No,Website,0
LEAD_0527,Small,Tourism,1378171,Kurunegala,62,35,4,No,176,Employee,35932,Yes,Website,0
LEAD_0528,Small,Tourism,22052489,Kandy,54,8,13,No,10,Employee,343360,Yes,Trade Show,0
LEAD_0529,Large,Tourism,296899374,Jaffna,99,28,13,Yes,29,Employee,18302945,Yes,Social Media,1
LEAD_0530,Medium,Healthcare,118299001,Anuradhapura,91,24,18,No,116,Manager,3699364,No,Cold Call,1
LEAD_0531,Medium,Healthcare,91754055,Jaffna,80,2,13,Yes,76,C-Level,2007783,Yes,Cold Call,0
LEAD_0532,Small,Retail,13195878,Kandy,66,24,12,No,156,Employee,152606,Yes,Cold Call,1
LEAD_0533,Medium,Tourism,75584429,Jaffna,85,45,7,No,42,Employee,1208907,Yes,Website,1
LEAD_0534,Medium,Healthcare,149145571,Negombo,52,28,0,No,90,Manager,5028999,No,Cold Call,1
LEAD_0535,Medium,Finance,45678261,Colombo,93,49,8,No,167,Employee,819305,Yes,Social Media,1
LEAD_0536,Large,IT/Software,173508593,Jaffna,81,11,2,Yes,79,C-Level,6640639,No,Referral,1
LEAD_0537,Medium,Education,124265863,Jaffna,100,23,15,No,32,C-Level,3302040,No,Trade Show,1
LEAD_0538,Medium,Finance,33803601,Jaffna,100,48,4,Yes,157,C-Level,896336,No,Cold Call,1
LEAD_0539,Large,Agriculture,590180814,Galle,100,49,14,No,150,C-Level,34179201,No,Website,1
LEAD_0540,Small,Healthcare,3943574,Kurunegala,100,35,4,Yes,93,C-Level,54283,No,Cold Call,1
LEAD_0541,Small,IT/Software,5089614,Galle,100,32,2,Yes,113,C-Level,98829,No,Trade Show,1
LEAD_0542,Medium,IT/Software,120021303,Jaffna,83,32,6,No,166,C-Level,4543646,No,Website,1
LEAD_0543,Small,IT/Software,2369698,Kurunegala,76,19,15,No,131,Manager,24472,Yes,Cold Call,1
LEAD_0544,Small,Tourism,6107852,Jaffna,52,10,5,Yes,81,Employee,146367,No,Website,1
LEAD_0545,Large,IT/Software,712651513,Kandy,94,16,12,Yes,118,Employee,21601420,Yes,Referral,0
LEAD_0546,Large,Healthcare,730035158,Galle,36,19,3,No,176,Employee,53433401,Yes,Website,1
LEAD_0547,Large,Healthcare,798568033,Kandy,55,2,13,No,100,C-Level,53429434,Yes,Social Media,1
LEAD_0548,Small,Retail,5928509,Kandy,89,21,15,No,158,C-Level,155497,No,Social Media,1
LEAD_0549,Large,Agriculture,412464584,Kandy,100,41,7,Yes,101,Manager,18931717,No,Social Media,1
LEAD_0550,Small,Finance,1436291,Matara,50,0,12,No,169,C-Level,39207,Yes,Cold Call,0
LEAD_0551,Medium,Healthcare,98950344,Kurunegala,100,26,9,Yes,64,Employee,2412281,No,Referral,1
LEAD_0552,Small,Tourism,20618245,Kandy,72,30,1,No,130,Manager,262019,No,Referral,0
LEAD_0553,Small,Agriculture,18362979,Galle,93,27,1,Yes,5,Manager,407613,Yes,Referral,1
LEAD_0554,Small,Healthcare,20172934,Colombo,88,7,17,No,38,C-Level,428494,No,Referral,1
LEAD_0555,Small,Agriculture,5399240,Matara,100,46,9,No,43,C-Level,85940,No,Website,0
LEAD_0556,Medium,Tourism,102098610,Galle,95,47,2,No,77,C-Level,1999811,Yes,Cold Call,1
LEAD_0557,Medium,IT/Software,36656673,Colombo,99,26,8,Yes,143,Employee,1497453,No,Referral,1
LEAD_0558,Medium,Retail,146439217,Negombo,28,17,1,No,174,Employee,2910888,No,Cold Call,1
LEAD_0559,Small,Healthcare,1203420,Kurunegala,80,27,12,No,5,Manager,30480,No,Website,1
LEAD_0560,Medium,Education,61959262,Negombo,100,38,10,No,6,Manager,1574249,Yes,Referral,1
LEAD_0561,Small,Healthcare,24209814,Anuradhapura,72,15,10,Yes,34,Employee,468701,No,Website,1
LEAD_0562,Small,Retail,23647686,Colombo,28,2,2,No,35,C-Level,549143,Yes,Cold Call,0
LEAD_0563,Small,Healthcare,16129482,Galle,57,35,2,No,178,Employee,333950,Yes,Social Media,0
LEAD_0564,Medium,Tourism,77909487,Anuradhapura,92,45,2,No,109,Manager,1770644,Yes,Trade Show,1
LEAD_0565,Medium,Finance,87051998,Kurunegala,62,25,2,No,17,C-Level,2309293,No,Website,1
LEAD_0566,Large,Finance,791688964,Negombo,71,24,10,No,144,Employee,20299982,Yes,Trade Show,1
LEAD_0567,Medium,Retail,77424672,Anuradhapura,100,36,9,Yes,171,Manager,2109522,No,Cold Call,1
LEAD_0568,Large,Finance,816158814,Galle,92,40,5,No,95,C-Level,34908609,Yes,Cold Call,1
LEAD_0569,Large,Retail,878741833,Negombo,54,21,5,No,76,Manager,50579860,Yes,Social Media,1
LEAD_0570,Large,Agriculture,658068983,Colombo,100,46,11,Yes,44,C-Level,47849170,Yes,Website,1
LEAD_0571,Medium,Retail,51661989,Anuradhapura,39,11,1,No,132,C-Level,1441035,No,Cold Call,0
LEAD_0572,Small,Finance,19510131,Negombo,40,10,2,No,45,C-Level,234824,Yes,Website,1
LEAD_0573,Large,Finance,360431296,Jaffna,53,4,15,No,88,Employee,18163673,Yes,Trade Show,1
LEAD_0574,Small,Education,4278518,Jaffna,93,49,0,No,10,C-Level,122416,No,Website,1
LEAD_0575,Medium,Education,86262456,Kandy,87,33,5,Yes,12,Employee,1424704,Yes,Social Media,1
LEAD_0576,Medium,Retail,49629467,Galle,100,36,13,Yes,139,Manager,1669258,No,Cold Call,1
LEAD_0577,Small,Tourism,13891440,Kandy,42,3,15,No,125,Employee,381411,Yes,Website,0
LEAD_0578,Small,IT/Software,9521557,Colombo,100,44,10,No,70,C-Level,194005,Yes,Website,1
LEAD_0579,Medium,Tourism,50678425,Galle,100,26,11,Yes,114,C-Level,1499842,Yes,Trade Show,1
LEAD_0580,Medium,Education,84695016,Jaffna,99,48,7,No,85,Manager,3626660,No,Social Media,1
LEAD_0581,Small,Retail,5668750,Jaffna,81,14,10,No,59,C-Level,60281,No,Referral,1
LEAD_0582,Small,Retail,13553133,Jaffna,87,48,6,No,124,Employee,154275,Yes,Website,1
LEAD_0583,Large,Finance,943766561,Kandy,93,17,19,No,133,C-Level,55777157,No,Website,1
LEAD_0584,Medium,Manufacturing,95313586,Kandy,63,2,18,No,137,Employee,3414563,No,Referral,0
LEAD_0585,Small,Education,2111308,Jaffna,96,46,7,No,96,Manager,23287,No,Website,0
LEAD_0586,Medium,Healthcare,81091512,Galle,98,27,3,Yes,146,Manager,3617170,Yes,Referral,1
LEAD_0587,Medium,Healthcare,117033255,Kandy,94,16,14,No,63,C-Level,3180662,No,Referral,1
LEAD_0588,Small,Tourism,17868846,Kandy,69,31,5,No,129,Manager,338821,No,Cold Call,0
LEAD_0589,Large,Manufacturing,815940370,Anuradhapura,94,41,9,No,114,Manager,28158635,No,Cold Call,1
LEAD_0590,Small,Healthcare,3233322,Jaffna,35,20,2,No,158,Employee,91870,Yes,Social Media,1
LEAD_0591,Large,Retail,672988987,Galle,40,7,12,No,81,Employee,36108237,Yes,Website,1
LEAD_0592,Medium,Retail,27295043,Anuradhapura,100,49,8,Yes,11,Employee,810025,Yes,Trade Show,1
LEAD_0593,Small,Retail,21261711,Galle,100,39,9,No,82,C-Level,582182,Yes,Social Media,0
LEAD_0594,Medium,Education,56933481,Jaffna,12,5,2,No,6,Employee,1287257,Yes,Social Media,1
LEAD_0595,Large,Tourism,501525759,Colombo,57,25,0,No,162,C-Level,14821759,Yes,Social Media,1
LEAD_0596,Small,Manufacturing,16286248,Negombo,100,28,12,No,26,C-Level,302421,Yes,Trade Show,1
LEAD_0597,Large,Retail,456853516,Colombo,100,33,18,No,139,Manager,21995993,Yes,Cold Call,1
LEAD_0598,Large,IT/Software,713415404,Negombo,67,5,12,No,126,C-Level,24947127,Yes,Trade Show,1
LEAD_0599,Medium,Tourism,40115727,Jaffna,66,34,2,No,106,Manager,723546,No,Website,1
LEAD_0600,Medium,Healthcare,45051768,Anuradhapura,100,47,2,Yes,96,Employee,928865,Yes,Referral,1
LEAD_0601,Large,Manufacturing,673265687,Jaffna,100,36,19,No,171,Manager,43617659,Yes,Website,1
LEAD_0602,Small,IT/Software,22119068,Kandy,96,9,15,Yes,54,C-Level,317105,Yes,Social Media,1
LEAD_0603,Large,IT/Software,490401836,Anuradhapura,40,7,2,Yes,102,Employee,18549220,No,Social Media,1
LEAD_0604,Small,Healthcare,2963436,Negombo,67,5,0,Yes,141,C-Level,78931,No,Referral,1
LEAD_0605,Large,Finance,981286710,Galle,100,35,18,No,134,Employee,26224036,No,Trade Show,1
LEAD_0606,Medium,Finance,146539932,Matara,75,5,9,Yes,109,C-Level,4208937,Yes,Website,1
LEAD_0607,Medium,Agriculture,84613012,Anuradhapura,71,46,1,No,98,Employee,3088244,No,Social Media,0
LEAD_0608,Large,Tourism,388739211,Kurunegala,100,45,13,No,17,Employee,25127961,Yes,Cold Call,0
LEAD_0609,Small,Manufacturing,14170283,Anuradhapura,74,31,3,No,159,C-Level,227308,Yes,Social Media,0
LEAD_0610,Medium,Agriculture,98898151,Galle,79,18,5,Yes,76,Employee,2952802,Yes,Referral,1
LEAD_0611,Small,Agriculture,15964651,Anuradhapura,100,16,18,Yes,105,Manager,277828,Yes,Social Media,1
LEAD_0612,Small,Manufacturing,15343440,Galle,74,21,11,No,106,Employee,302115,No,Referral,1
LEAD_0613,Small,Healthcare,7396328,Galle,98,27,13,Yes,107,Employee,122816,No,Social Media,1
LEAD_0614,Medium,Tourism,86288442,Colombo,56,4,16,No,50,Manager,2098875,No,Social Media,0
LEAD_0615,Small,Retail,24534658,Negombo,38,4,3,Yes,40,Employee,349798,No,Website,0
LEAD_0616,Small,Manufacturing,5796797,Anuradhapura,82,15,8,Yes,67,Employee,102823,Yes,Referral,1
LEAD_0617,Small,IT/Software,21957993,Kurunegala,100,25,16,Yes,174,Employee,337068,No,Referral,1
LEAD_0618,Medium,Retail,125679410,Matara,82,0,17,Yes,32,Employee,2975190,No,Referral,1
LEAD_0619,Large,IT/Software,557512344,Galle,90,22,15,No,162,C-Level,23312284,No,Social Media,1
LEAD_0620,Small,Tourism,7796112,Colombo,25,7,6,No,140,Employee,198077,No,Website,0
LEAD_0621,Small,Education,10949587,Kandy,100,49,12,No,101,C-Level,261006,Yes,Referral,1
LEAD_0622,Small,Manufacturing,12592632,Kandy,100,18,11,Yes,41,Manager,252094,Yes,Referral,1
LEAD_0623,Small,Tourism,4345627,Anuradhapura,31,11,0,No,159,Employee,120723,No,Referral,1
LEAD_0624,Large,Finance,875958033,Kandy,100,48,5,Yes,100,Employee,42881339,No,Cold Call,1
LEAD_0625,Small,Finance,20413472,Jaffna,100,45,8,Yes,27,C-Level,290490,Yes,Referral,1
LEAD_0626,Small,Manufacturing,14188749,Kurunegala,75,7,14,No,82,C-Level,247023,Yes,Trade Show,1
LEAD_0627,Medium,IT/Software,124830236,Kandy,84,23,16,No,6,Manager,4394239,No,Website,1
LEAD_0628,Large,Healthcare,192571387,Matara,100,43,3,Yes,83,C-Level,14157381,Yes,Referral,1
LEAD_0629,Small,Manufacturing,8818008,Colombo,54,11,11,No,88,Manager,254337,Yes,Social Media,1
LEAD_0630,Small,Manufacturing,16906109,Galle,100,34,10,Yes,2,C-Level,481214,No,Cold Call,1
LEAD_0631,Medium,Finance,73599350,Kandy,67,28,6,No,10,Manager,1482472,Yes,Website,1
LEAD_0632,Medium,Healthcare,26455701,Negombo,100,44,9,Yes,103,Employee,438558,No,Trade Show,1
LEAD_0633,Small,Retail,1379422,Colombo,100,22,19,Yes,13,C-Level,19101,No,Referral,1
LEAD_0634,Small,IT/Software,20601146,Anuradhapura,100,45,19,No,151,C-Level,218555,Yes,Referral,1
LEAD_0635,Medium,Tourism,38772138,Anuradhapura,95,37,16,No,172,Employee,893017,No,Social Media,1
LEAD_0636,Small,Tourism,14539511,Anuradhapura,100,38,15,No,90,Manager,161909,No,Trade Show,1
LEAD_0637,Small,Agriculture,17411171,Colombo,24,1,1,No,14,C-Level,340058,Yes,Cold Call,0
LEAD_0638,Small,Retail,14220582,Galle,99,48,11,No,47,Employee,265202,No,Cold Call,0
LEAD_0639,Medium,Retail,104340664,Anuradhapura,72,15,16,No,47,Manager,4691364,No,Website,1
LEAD_0640,Large,Finance,901661213,Kurunegala,100,13,11,Yes,29,C-Level,48486166,Yes,Referral,1
LEAD_0641,Medium,Education,56801599,Jaffna,87,25,16,No,113,Manager,2137665,Yes,Cold Call,0
LEAD_0642,Small,Healthcare,1897284,Kandy,85,25,9,No,95,Manager,29777,Yes,Referral,1
LEAD_0643,Large,Agriculture,511807350,Negombo,100,26,18,Yes,17,C-Level,22070830,No,Trade Show,1
LEAD_0644,Small,Tourism,15416563,Galle,30,0,4,No,32,C-Level,232703,Yes,Cold Call,0
LEAD_0645,Medium,Agriculture,114254851,Matara,100,43,6,Yes,86,C-Level,4538753,Yes,Social Media,1
LEAD_0646,Small,Manufacturing,3461564,Galle,86,21,16,No,82,Employee,75760,Yes,Referral,1
LEAD_0647,Small,Manufacturing,1454654,Kandy,100,44,2,Yes,31,Manager,43453,No,Social Media,1
LEAD_0648,Large,Manufacturing,757183610,Colombo,49,26,0,No,40,Manager,40534381,No,Cold Call,1
LEAD_0649,Small,Agriculture,12771298,Negombo,47,10,9,No,98,Manager,339827,Yes,Website,0
LEAD_0650,Small,Finance,22793614,Negombo,57,0,11,No,139,C-Level,546461,Yes,Trade Show,1
LEAD_0651,Large,IT/Software,658034702,Kurunegala,47,18,4,No,74,Manager,28641133,No,Social Media,0
LEAD_0652,Medium,Finance,84490669,Galle,78,19,14,No,30,Employee,3527749,No,Referral,1
LEAD_0653,Small,Retail,16606263,Jaffna,74,23,2,Yes,63,Manager,491265,Yes,Social Media,1
LEAD_0654,Medium,Retail,28229518,Colombo,93,49,0,No,90,C-Level,879283,No,Social Media,0
LEAD_0655,Medium,Manufacturing,52259001,Negombo,59,16,14,No,111,Employee,2308092,No,Social Media,1
LEAD_0656,Medium,Healthcare,133181559,Matara,29,1,7,No,146,Employee,5332433,Yes,Trade Show,1
LEAD_0657,Medium,Tourism,97705746,Colombo,100,40,19,No,147,C-Level,3007486,Yes,Referral,1
LEAD_0658,Large,Agriculture,540473207,Jaffna,90,32,17,No,134,Employee,37570541,Yes,Social Media,0
LEAD_0659,Small,Agriculture,5046580,Jaffna,100,34,14,No,135,C-Level,82743,No,Cold Call,1
LEAD_0660,Small,Tourism,16720299,Anuradhapura,57,3,7,Yes,39,Manager,309988,Yes,Cold Call,0
LEAD_0661,Large,Finance,432565713,Colombo,100,26,18,No,8,C-Level,31460563,Yes,Social Media,1
LEAD_0662,Medium,Manufacturing,129171960,Colombo,100,25,16,Yes,125,C-Level,4724128,No,Website,1
LEAD_0663,Small,Finance,7418370,Kandy,81,14,16,No,56,C-Level,129400,No,Social Media,1
LEAD_0664,Large,IT/Software,955216561,Kurunegala,71,31,0,Yes,20,Employee,52049740,Yes,Cold Call,1
LEAD_0665,Small,Agriculture,9595346,Galle,52,10,15,No,97,Employee,105434,No,Cold Call,0
LEAD_0666,Medium,IT/Software,80093797,Matara,87,15,12,Yes,170,Manager,3070470,Yes,Cold Call,1
LEAD_0667,Medium,Education,30757701,Jaffna,100,49,5,Yes,57,Manager,480507,Yes,Referral,1
LEAD_0668,Medium,Healthcare,117322411,Galle,100,48,18,No,91,Manager,2267670,Yes,Website,0
LEAD_0669,Small,IT/Software,22960842,Jaffna,70,30,6,No,29,Manager,622494,No,Cold Call,0
LEAD_0670,Large,Healthcare,609539411,Kurunegala,66,19,15,No,105,Employee,43493504,No,Cold Call,0
LEAD_0671,Small,Retail,15065403,Negombo,94,11,17,Yes,171,Employee,293379,Yes,Trade Show,1
LEAD_0672,Small,IT/Software,3051009,Negombo,88,19,0,Yes,137,C-Level,61706,No,Referral,1
LEAD_0673,Medium,Retail,57129443,Galle,100,48,9,No,98,Manager,1210830,Yes,Social Media,1
LEAD_0674,Medium,Finance,37190630,Colombo,100,46,18,No,13,Employee,1279133,Yes,Referral,1
LEAD_0675,Medium,Finance,149792873,Kurunegala,100,45,5,No,132,Manager,2766258,No,Trade Show,1
LEAD_0676,Small,Healthcare,23617499,Colombo,57,5,6,Yes,96,Manager,479266,Yes,Social Media,1
LEAD_0677,Medium,Education,82308579,Galle,98,29,12,Yes,133,Employee,2379904,No,Social Media,1
LEAD_0678,Medium,Finance,32531591,Matara,37,23,1,No,15,Employee,1281609,Yes,Social Media,0
LEAD_0679,Medium,Manufacturing,106687079,Galle,80,25,3,No,67,C-Level,3910336,Yes,Referral,1
LEAD_0680,Medium,Agriculture,77381308,Jaffna,85,27,14,No,116,Manager,2900804,Yes,Website,1
LEAD_0681,Medium,Retail,54475776,Colombo,100,48,9,No,118,Manager,2148160,No,Trade Show,1
LEAD_0682,Small,Finance,23892098,Matara,58,17,5,No,133,C-Level,328120,No,Social Media,1
LEAD_0683,Small,Retail,4015094,Jaffna,89,38,5,No,121,C-Level,82827,No,Cold Call,1
LEAD_0684,Large,Manufacturing,837775638,Jaffna,100,48,10,No,93,Manager,39270905,Yes,Trade Show,1
LEAD_0685,Medium,IT/Software,144565705,Matara,100,39,13,Yes,96,C-Level,6442104,Yes,Trade Show,1
LEAD_0686,Large,Tourism,434686872,Colombo,100,47,19,No,34,Employee,21226422,No,Social Media,1
LEAD_0687,Medium,Healthcare,57417172,Anuradhapura,39,13,0,No,136,Manager,1280540,No,Trade Show,0
LEAD_0688,Large,Tourism,309318124,Matara,81,9,19,No,145,C-Level,20666907,No,Cold Call,1
LEAD_0689,Large,Manufacturing,711846998,Anuradhapura,63,12,0,Yes,74,C-Level,21147516,No,Cold Call,1
LEAD_0690,Medium,Agriculture,124008242,Colombo,82,23,7,No,73,C-Level,4403257,Yes,Trade Show,1
LEAD_0691,Small,Healthcare,10629424,Negombo,57,8,4,No,1,C-Level,151774,Yes,Referral,0
LEAD_0692,Small,Tourism,19606662,Jaffna,100,33,17,No,77,Employee,410675,No,Trade Show,1
LEAD_0693,Large,Education,558706049,Jaffna,86,9,19,No,66,Manager,28713162,No,Referral,1
LEAD_0694,Small,Education,21240982,Galle,100,28,6,Yes,70,C-Level,440866,Yes,Cold Call,1
LEAD_0695,Large,IT/Software,685621977,Kurunegala,38,14,1,No,98,Employee,26365304,No,Referral,1
LEAD_0696,Medium,Finance,149713204,Negombo,83,27,7,Yes,63,Employee,3893073,Yes,Social Media,1
LEAD_0697,Medium,Healthcare,48605064,Colombo,100,11,17,Yes,132,C-Level,1930930,Yes,Trade Show,1
LEAD_0698,Medium,Agriculture,31928335,Anuradhapura,85,32,5,No,44,Manager,488143,Yes,Referral,0
LEAD_0699,Small,Education,22889697,Anuradhapura,100,45,14,No,54,Manager,493664,Yes,Trade Show,1
LEAD_0700,Small,Education,2905258,Jaffna,100,33,19,No,28,C-Level,57626,Yes,Cold Call,1
LEAD_0701,Small,Finance,17601974,Colombo,66,11,10,No,175,Manager,297382,Yes,Referral,1
LEAD_0702,Small,Retail,11609167,Kurunegala,100,38,0,Yes,112,C-Level,120117,No,Trade Show,1
LEAD_0703,Small,IT/Software,10539669,Jaffna,36,9,1,No,159,C-Level,260178,No,Website,0
LEAD_0704,Medium,Agriculture,147479800,Anuradhapura,36,1,0,No,137,C-Level,3472457,No,Referral,0
LEAD_0705,Small,Retail,21932296,Kurunegala,57,18,4,No,156,Manager,276726,Yes,Trade Show,0
LEAD_0706,Medium,Agriculture,80515466,Anuradhapura,67,30,9,No,152,Employee,2646294,No,Social Media,1
LEAD_0707,Medium,Education,86197368,Anuradhapura,100,34,11,No,164,C-Level,1895413,Yes,Trade Show,1
LEAD_0708,Medium,Education,96573090,Colombo,60,10,10,No,33,C-Level,3897209,Yes,Social Media,1
LEAD_0709,Small,Agriculture,3912086,Matara,100,45,16,No,42,Manager,79606,No,Referral,1
LEAD_0710,Medium,Tourism,119030513,Kandy,100,34,6,Yes,155,C-Level,5162657,Yes,Website,1
LEAD_0711,Medium,Tourism,61915407,Kurunegala,74,11,5,Yes,147,C-Level,1908333,No,Website,1
LEAD_0712,Medium,Agriculture,52026467,Jaffna,70,15,15,No,18,Manager,1929872,No,Cold Call,1
LEAD_0713,Medium,IT/Software,90098633,Galle,100,42,5,Yes,52,Manager,3392136,Yes,Social Media,1
LEAD_0714,Medium,Retail,92628832,Colombo,89,38,13,No,150,Employee,2012383,No,Social Media,1
LEAD_0715,Large,IT/Software,642153921,Kandy,78,39,2,No,77,Employee,40035616,No,Referral,1
LEAD_0716,Medium,Education,82987671,Negombo,15,0,2,No,123,Manager,3364005,No,Website,0
LEAD_0717,Large,IT/Software,198945379,Anuradhapura,39,13,8,No,62,Employee,10897660,Yes,Social Media,1
LEAD_0718,Small,Manufacturing,24895998,Galle,100,38,4,Yes,3,Manager,614316,Yes,Social Media,0
LEAD_0719,Medium,Finance,71860205,Colombo,100,48,14,No,52,Employee,2152752,Yes,Referral,1
LEAD_0720,Medium,Agriculture,147310998,Kurunegala,100,38,10,No,2,C-Level,5723576,Yes,Cold Call,1
LEAD_0721,Small,Finance,4320344,Kandy,54,8,13,No,5,Employee,92117,No,Trade Show,1
LEAD_0722,Small,Finance,11065076,Matara,44,8,9,No,158,Employee,149291,Yes,Trade Show,0
LEAD_0723,Medium,Tourism,135124813,Colombo,92,30,15,No,48,Employee,2661072,No,Trade Show,1
LEAD_0724,Large,Tourism,194437147,Kandy,30,10,0,No,108,Employee,14469785,Yes,Referral,0
LEAD_0725,Large,Tourism,235497285,Jaffna,100,48,15,No,110,Employee,12220505,No,Referral,1
LEAD_0726,Small,Tourism,2082007,Anuradhapura,59,23,0,Yes,19,Employee,26054,Yes,Cold Call,1
LEAD_0727,Medium,Healthcare,147547732,Anuradhapura,44,13,2,No,115,C-Level,2416758,Yes,Cold Call,1
LEAD_0728,Medium,IT/Software,30972513,Colombo,64,13,8,No,107,Manager,474716,Yes,Referral,1
LEAD_0729,Large,Education,655503463,Kurunegala,100,47,14,Yes,56,Manager,42881198,Yes,Trade Show,1
LEAD_0730,Small,Tourism,22133847,Kandy,100,36,11,Yes,61,Employee,643087,No,Website,1
LEAD_0731,Medium,Education,96094217,Jaffna,65,20,14,No,92,Employee,1744480,Yes,Social Media,0
LEAD_0732,Large,Agriculture,597685542,Negombo,76,6,7,Yes,162,Manager,15681193,No,Referral,1
LEAD_0733,Small,Healthcare,13242280,Jaffna,91,36,11,No,132,Manager,221459,Yes,Cold Call,1
LEAD_0734,Medium,Education,97590031,Colombo,81,16,15,No,119,C-Level,4019957,No,Website,0
LEAD_0735,Medium,Finance,82614289,Galle,74,6,2,Yes,124,C-Level,2533270,Yes,Referral,0
LEAD_0736,Medium,Tourism,111303568,Kurunegala,100,44,19,No,118,C-Level,2324279,Yes,Cold Call,1
LEAD_0737,Small,Finance,2589865,Galle,82,40,1,No,88,C-Level,68399,Yes,Social Media,1
LEAD_0738,Small,Manufacturing,23595118,Galle,93,34,17,No,45,Employee,618076,Yes,Website,1
LEAD_0739,Small,Manufacturing,4101028,Matara,95,40,4,No,94,Manager,63859,Yes,Referral,1
LEAD_0740,Medium,Agriculture,120894970,Galle,100,49,5,Yes,12,Manager,1973087,No,Website,0
LEAD_0741,Large,Education,822581987,Galle,100,26,18,Yes,37,C-Level,39054606,Yes,Referral,1
LEAD_0742,Small,Agriculture,19686870,Negombo,100,31,18,No,125,C-Level,323841,Yes,Social Media,1
LEAD_0743,Large,IT/Software,713649448,Matara,100,45,11,Yes,87,Employee,22090347,No,Cold Call,1
LEAD_0744,Medium,Education,81218661,Kurunegala,100,33,15,Yes,158,Employee,1815871,Yes,Social Media,1
LEAD_0745,Medium,IT/Software,121081190,Kurunegala,45,0,0,Yes,142,C-Level,5294240,No,Social Media,1
LEAD_0746,Large,Tourism,931906405,Anuradhapura,100,31,17,Yes,103,Manager,58621193,No,Website,1
LEAD_0747,Large,Healthcare,231539097,Kurunegala,43,2,2,Yes,125,Manager,11978809,Yes,Website,1
LEAD_0748,Medium,Retail,75494830,Galle,60,2,19,No,76,Manager,2845510,Yes,Social Media,1
LEAD_0749,Small,Tourism,2189677,Colombo,30,12,1,No,110,Manager,35010,Yes,Cold Call,1
LEAD_0750,Small,IT/Software,5423699,Anuradhapura,80,17,14,No,69,C-Level,76323,Yes,Social Media,1
LEAD_0751,Medium,Agriculture,118191223,Negombo,100,38,4,Yes,1,C-Level,4424181,No,Referral,1
LEAD_0752,Large,Tourism,417479904,Kurunegala,90,40,12,No,2,Employee,14295888,Yes,Website,1
LEAD_0753,Medium,Tourism,77841552,Kandy,72,25,6,No,21,Manager,1599535,Yes,Trade Show,1
LEAD_0754,Large,Agriculture,894030757,Negombo,87,25,10,Yes,16,Employee,27225377,No,Cold Call,1
LEAD_0755,Medium,Finance,86275144,Jaffna,87,23,1,Yes,97,Manager,2684646,Yes,Referral,1
LEAD_0756,Large,IT/Software,880014857,Kurunegala,78,14,17,No,167,Employee,23189561,No,Referral,1
LEAD_0757,Small,Healthcare,17233868,Jaffna,72,18,10,No,39,Manager,356086,No,Trade Show,1
LEAD_0758,Medium,Manufacturing,124949741,Anuradhapura,100,36,17,No,112,Employee,1909252,Yes,Referral,1
LEAD_0759,Medium,Education,111331292,Negombo,100,49,19,Yes,53,C-Level,4717329,No,Social Media,1
LEAD_0760,Small,Manufacturing,7818864,Negombo,100,33,14,Yes,74,Employee,210529,Yes,Social Media,0
LEAD_0761,Small,Retail,19306333,Negombo,66,31,4,No,2,Employee,471685,No,Trade Show,0
LEAD_0762,Medium,Healthcare,71792985,Kurunegala,88,12,16,No,25,C-Level,3206758,Yes,Trade Show,1
LEAD_0763,Small,Retail,11512698,Jaffna,99,21,9,Yes,8,C-Level,238477,No,Social Media,1
LEAD_0764,Large,Agriculture,899585248,Kurunegala,100,20,19,Yes,53,Employee,62273363,No,Cold Call,1
LEAD_0765,Large,Healthcare,996461505,Kurunegala,100,27,11,Yes,112,Manager,49549022,Yes,Social Media,1
LEAD_0766,Medium,Finance,53723872,Negombo,100,48,17,No,43,Employee,2357457,Yes,Referral,1
LEAD_0767,Small,Education,2632978,Galle,79,21,11,No,139,C-Level,29891,Yes,Website,1
LEAD_0768,Small,Education,6801466,Anuradhapura,51,1,6,No,67,C-Level,132891,Yes,Referral,0
LEAD_0769,Large,Education,423718851,Colombo,100,49,6,No,3,C-Level,26515477,No,Referral,1
LEAD_0770,Large,Healthcare,389288945,Negombo,43,19,2,No,132,Employee,27156862,No,Trade Show,1
LEAD_0771,Medium,Manufacturing,78395898,Galle,26,9,5,No,164,Employee,2745441,No,Cold Call,0
LEAD_0772,Medium,Tourism,75211072,Jaffna,100,44,18,Yes,157,C-Level,1659155,No,Social Media,1
LEAD_0773,Large,Tourism,748667654,Jaffna,100,41,7,Yes,77,Employee,30377133,Yes,Cold Call,1
LEAD_0774,Small,Finance,21147739,Colombo,100,47,14,No,3,Manager,410182,Yes,Cold Call,0
LEAD_0775,Medium,Education,47289982,Kurunegala,92,15,14,Yes,1,Employee,1469826,Yes,Trade Show,1
LEAD_0776,Medium,Tourism,127144861,Kandy,100,40,8,Yes,26,Manager,3913507,Yes,Cold Call,1
LEAD_0777,Large,Finance,733922650,Negombo,62,5,14,No,48,C-Level,46712661,No,Social Media,1
LEAD_0778,Large,Healthcare,460593463,Anuradhapura,91,4,16,Yes,145,C-Level,23185486,No,Cold Call,1
LEAD_0779,Medium,Retail,51773187,Matara,43,4,1,Yes,49,Manager,1570986,Yes,Social Media,1
LEAD_0780,Large,Education,606340865,Kandy,63,4,15,No,161,Manager,32730302,No,Trade Show,1
LEAD_0781,Small,Manufacturing,24687620,Galle,100,47,7,Yes,110,Manager,367159,Yes,Referral,1
LEAD_0782,Small,Retail,7034213,Kandy,97,28,10,No,150,C-Level,113490,No,Trade Show,1
LEAD_0783,Large,Finance,200356878,Kandy,100,45,4,Yes,127,C-Level,5158580,Yes,Referral,1
LEAD_0784,Large,IT/Software,257483470,Negombo,92,35,8,No,93,Manager,10406179,Yes,Trade Show,1
LEAD_0785,Large,IT/Software,328534705,Kurunegala,45,5,15,No,132,Employee,13097910,No,Cold Call,1
LEAD_0786,Medium,Manufacturing,43497992,Galle,54,23,8,No,138,Employee,1609760,No,Cold Call,1
LEAD_0787,Medium,Tourism,74271549,Negombo,92,45,0,Yes,13,Employee,2375649,No,Website,1
LEAD_0788,Small,Retail,10812395,Matara,62,18,4,No,12,Manager,323667,No,Referral,1
LEAD_0789,Large,IT/Software,757791000,Galle,76,21,8,Yes,66,Employee,31803445,Yes,Website,1
LEAD_0790,Large,Agriculture,350059607,Galle,100,46,9,Yes,127,Manager,17149639,Yes,Referral,1
LEAD_0791,Small,Tourism,4466431,Kurunegala,95,47,2,No,147,C-Level,130075,Yes,Cold Call,1
LEAD_0792,Medium,Finance,25432179,Kandy,100,42,9,No,28,C-Level,663769,Yes,Cold Call,1
LEAD_0793,Medium,Tourism,100212084,Matara,84,26,10,No,149,C-Level,3555333,No,Website,0
LEAD_0794,Large,Retail,263489805,Negombo,62,8,4,Yes,126,Employee,6636676,Yes,Referral,1
LEAD_0795,Small,Agriculture,19739398,Matara,37,5,8,No,111,Manager,453401,Yes,Social Media,0
LEAD_0796,Small,Education,6597454,Colombo,100,40,0,Yes,147,C-Level,90608,No,Social Media,1
LEAD_0797,Small,Healthcare,4782682,Galle,100,47,19,No,63,Employee,84145,Yes,Trade Show,0
LEAD_0798,Medium,IT/Software,53369762,Jaffna,65,10,10,Yes,66,Employee,1372169,Yes,Website,1
LEAD_0799,Medium,Healthcare,135162736,Colombo,100,24,11,Yes,85,C-Level,4739379,No,Cold Call,1
LEAD_0800,Large,Manufacturing,987298467,Jaffna,61,6,17,No,4,Manager,31795006,Yes,Social Media,1
LEAD_0801,Small,Healthcare,5270933,Kurunegala,92,13,15,Yes,96,Manager,152192,No,Website,1
LEAD_0802,Small,Agriculture,6512381,Anuradhapura,100,26,16,Yes,38,Manager,109542,No,Social Media,1
LEAD_0803,Medium,Agriculture,54557562,Galle,77,20,15,No,115,Manager,2249899,No,Cold Call,1
LEAD_0804,Large,Agriculture,247442556,Galle,54,21,1,No,114,C-Level,14711470,No,Cold Call,0
LEAD_0805,Large,Tourism,559745316,Negombo,100,43,10,Yes,142,Employee,41005494,Yes,Cold Call,1
LEAD_0806,Medium,IT/Software,65990754,Kurunegala,100,26,6,Yes,180,C-Level,2697597,No,Trade Show,1
LEAD_0807,Medium,Education,44538324,Colombo,88,49,6,No,70,Employee,1054510,Yes,Website,1
LEAD_0808,Large,Tourism,798315663,Colombo,52,3,5,No,5,C-Level,27749987,Yes,Referral,1
LEAD_0809,Medium,Education,95306693,Jaffna,100,36,3,Yes,127,Manager,2911977,No,Referral,1
LEAD_0810,Medium,Manufacturing,50595112,Matara,27,0,1,Yes,36,Employee,2267097,No,Social Media,0
LEAD_0811,Small,IT/Software,17189692,Kandy,100,47,13,No,99,C-Level,180851,Yes,Trade Show,1
LEAD_0812,Large,Tourism,303513651,Colombo,100,31,14,Yes,66,Manager,11797542,Yes,Website,0
LEAD_0813,Large,Manufacturing,711174495,Matara,74,26,14,No,178,Employee,52677698,Yes,Social Media,1
LEAD_0814,Large,Tourism,308034545,Jaffna,100,49,17,Yes,117,Manager,20943592,No,Trade Show,1
LEAD_0815,Large,Tourism,783761705,Kandy,83,2,10,Yes,139,C-Level,24513795,Yes,Trade Show,1
LEAD_0816,Large,Healthcare,780214147,Matara,55,12,15,No,70,Employee,21200139,Yes,Website,1
LEAD_0817,Small,Education,20665607,Anuradhapura,83,29,8,No,9,Manager,313957,Yes,Trade Show,1
LEAD_0818,Large,Healthcare,334707176,Negombo,100,34,10,No,159,Manager,22331742,No,Referral,1
LEAD_0819,Large,Tourism,625356171,Negombo,89,41,3,No,127,Manager,45063177,No,Trade Show,1
LEAD_0820,Large,IT/Software,376143423,Colombo,86,44,8,No,176,Employee,23734502,No,Cold Call,1
LEAD_0821,Small,Manufacturing,10667635,Negombo,100,38,13,No,99,C-Level,120304,Yes,Website,1
LEAD_0822,Medium,Finance,88883074,Negombo,58,7,1,Yes,53,Manager,3229941,No,Trade Show,1
LEAD_0823,Medium,Retail,119480336,Galle,89,31,5,No,23,C-Level,2487664,No,Trade Show,1
LEAD_0824,Large,Agriculture,572219833,Kandy,80,7,10,Yes,180,Manager,30054603,No,Trade Show,1
LEAD_0825,Medium,Tourism,130691487,Anuradhapura,53,12,10,No,17,Manager,2082978,No,Website,0
LEAD_0826,Small,Finance,24129747,Negombo,100,45,13,No,77,Manager,549313,Yes,Social Media,1
LEAD_0827,Large,Manufacturing,641762521,Kurunegala,80,32,13,No,173,Employee,17091081,No,Website,1
LEAD_0828,Medium,Agriculture,64517839,Kandy,100,49,14,Yes,95,Employee,2819590,No,Cold Call,1
LEAD_0829,Large,Healthcare,316298542,Galle,100,28,18,Yes,44,Employee,18541000,Yes,Cold Call,1
LEAD_0830,Medium,Education,98311854,Kandy,79,16,4,Yes,25,Manager,3705975,Yes,Trade Show,1
LEAD_0831,Medium,Tourism,37213489,Galle,100,39,18,Yes,73,C-Level,1637994,No,Trade Show,1
LEAD_0832,Small,Finance,20485918,Kandy,100,48,14,No,171,C-Level,421925,Yes,Cold Call,1
LEAD_0833,Large,Education,809652522,Negombo,100,5,18,Yes,98,Manager,57178481,Yes,Referral,1
LEAD_0834,Medium,Agriculture,46160701,Matara,58,27,3,No,124,Manager,1289332,No,Website,1
LEAD_0835,Small,Retail,5327404,Negombo,100,27,18,Yes,168,Manager,132097,Yes,Social Media,1
LEAD_0836,Medium,Manufacturing,146751683,Negombo,67,0,19,No,11,C-Level,5970477,Yes,Cold Call,1
LEAD_0837,Medium,Manufacturing,44042475,Negombo,79,46,4,No,35,Employee,770511,Yes,Social Media,0
LEAD_0838,Large,Tourism,245978117,Kurunegala,40,10,4,No,64,Employee,11477611,No,Referral,1
LEAD_0839,Large,Tourism,298706041,Kurunegala,82,28,6,No,14,Manager,17689255,No,Referral,1
LEAD_0840,Large,Healthcare,948139459,Matara,86,44,8,No,89,Employee,64710571,Yes,Cold Call,1
LEAD_0841,Large,Retail,845266507,Anuradhapura,65,25,11,No,149,Employee,55532388,No,Cold Call,0
LEAD_0842,Medium,IT/Software,119649393,Colombo,84,18,19,No,175,Manager,4688535,Yes,Website,1
LEAD_0843,Large,Healthcare,237417813,Colombo,55,20,2,No,90,Manager,12644000,Yes,Trade Show,1
LEAD_0844,Small,Tourism,12026731,Matara,37,8,6,No,126,Manager,308471,No,Website,0
LEAD_0845,Medium,IT/Software,133285025,Jaffna,92,15,14,Yes,13,Manager,2725032,Yes,Social Media,1
LEAD_0846,Medium,IT/Software,99112765,Anuradhapura,89,16,18,No,85,C-Level,4374627,No,Cold Call,0
LEAD_0847,Small,Finance,9185365,Anuradhapura,73,22,16,No,131,Employee,249984,No,Website,0
LEAD_0848,Large,Retail,972714565,Galle,87,33,3,No,77,C-Level,26797579,No,Trade Show,1
LEAD_0849,Small,Tourism,17758798,Galle,79,18,17,No,38,Employee,425260,No,Trade Show,0
LEAD_0850,Large,Finance,346996125,Kandy,80,15,5,Yes,179,C-Level,14850750,No,Website,1
LEAD_0851,Medium,Manufacturing,42036523,Kurunegala,79,28,15,No,86,Employee,1422236,No,Website,0
LEAD_0852,Small,Education,18757828,Negombo,100,45,0,Yes,86,Employee,335894,No,Trade Show,0
LEAD_0853,Small,Education,15984492,Jaffna,100,47,0,Yes,46,C-Level,460016,No,Social Media,1
LEAD_0854,Small,Tourism,7977328,Jaffna,71,34,4,No,46,Manager,133765,No,Website,0
LEAD_0855,Large,Education,950448705,Jaffna,99,43,14,No,83,Employee,46871302,Yes,Cold Call,1
LEAD_0856,Small,Agriculture,17098655,Jaffna,73,14,17,No,44,Manager,307480,No,Cold Call,1
LEAD_0857,Small,Healthcare,18426869,Colombo,83,12,2,Yes,39,C-Level,316445,No,Referral,1
LEAD_0858,Small,Finance,19620019,Jaffna,100,29,18,Yes,152,Manager,455191,Yes,Social Media,1
LEAD_0859,Large,Education,750328520,Kandy,34,1,7,No,66,Employee,40464194,No,Referral,1
LEAD_0860,Medium,Agriculture,142519567,Colombo,65,7,6,Yes,154,Employee,2785008,Yes,Referral,1
LEAD_0861,Large,Manufacturing,338661973,Kurunegala,62,3,9,Yes,148,Manager,24900182,No,Cold Call,1
LEAD_0862,Medium,Manufacturing,90367048,Kurunegala,50,0,16,No,168,Manager,3641136,No,Social Media,1
LEAD_0863,Large,IT/Software,854960903,Jaffna,75,32,1,Yes,110,Employee,24035551,No,Social Media,1
LEAD_0864,Small,Agriculture,8748817,Colombo,70,2,13,Yes,150,Manager,194674,Yes,Website,1
LEAD_0865,Medium,Agriculture,113527885,Matara,28,2,6,No,164,Manager,4638258,Yes,Website,1
LEAD_0866,Medium,Healthcare,49292904,Galle,66,24,4,No,87,Manager,772343,Yes,Trade Show,1
LEAD_0867,Large,Tourism,407381161,Galle,100,43,10,No,117,C-Level,26378699,No,Referral,1
LEAD_0868,Small,Education,21395546,Matara,100,34,12,Yes,57,Employee,621387,Yes,Social Media,1
LEAD_0869,Medium,Agriculture,50531809,Anuradhapura,100,38,0,Yes,138,C-Level,1468867,No,Referral,1
LEAD_0870,Medium,Healthcare,27600710,Jaffna,100,48,7,Yes,58,Manager,1118157,Yes,Referral,1
LEAD_0871,Small,Healthcare,22205183,Kandy,47,13,5,No,88,Employee,554387,No,Referral,0
LEAD_0872,Medium,Agriculture,112851560,Kandy,100,16,19,Yes,106,Manager,2312233,Yes,Referral,1
LEAD_0873,Large,Education,884436030,Jaffna,100,25,18,No,88,Manager,34810369,No,Referral,1
LEAD_0874,Small,IT/Software,14941016,Anuradhapura,84,8,11,Yes,73,Manager,368192,Yes,Trade Show,1
LEAD_0875,Small,IT/Software,15521462,Negombo,100,42,8,No,45,C-Level,263240,No,Trade Show,1
LEAD_0876,Large,Agriculture,820494246,Kandy,72,13,9,No,81,C-Level,38240005,Yes,Trade Show,1
LEAD_0877,Medium,Manufacturing,117920111,Kandy,45,22,5,No,146,Employee,5187522,Yes,Social Media,1
LEAD_0878,Large,Education,438579964,Colombo,67,10,13,No,125,C-Level,16459525,No,Website,1
LEAD_0879,Small,Manufacturing,6945567,Galle,38,4,3,Yes,28,Employee,189802,No,Social Media,0
LEAD_0880,Small,Agriculture,4221499,Galle,100,38,14,No,124,C-Level,106127,Yes,Trade Show,0
LEAD_0881,Medium,Education,80883455,Kandy,100,43,10,No,78,C-Level,3541340,No,Website,1
LEAD_0882,Large,IT/Software,863649502,Kandy,86,24,14,No,157,Employee,32877248,Yes,Referral,1
LEAD_0883,Small,Tourism,9103701,Kandy,74,13,2,Yes,157,Manager,272353,Yes,Referral,1
LEAD_0884,Medium,Retail,111056901,Negombo,31,6,5,No,180,Manager,4400813,Yes,Cold Call,1
LEAD_0885,Medium,Manufacturing,136324259,Galle,96,26,15,No,50,C-Level,4472763,No,Social Media,1
LEAD_0886,Large,Education,974792945,Kurunegala,60,10,10,No,33,C-Level,33076099,No,Social Media,1
LEAD_0887,Large,Retail,640569576,Anuradhapura,76,19,3,Yes,33,Employee,42567412,No,Referral,1
LEAD_0888,Large,Finance,733851044,Matara,85,25,15,No,131,Manager,48882229,Yes,Social Media,1
LEAD_0889,Large,Education,394942241,Matara,100,40,6,No,60,C-Level,11557004,Yes,Referral,1
LEAD_0890,Large,Manufacturing,886071702,Galle,100,49,9,No,85,Manager,63121263,No,Cold Call,0
LEAD_0891,Small,IT/Software,23554745,Jaffna,100,49,1,Yes,150,Employee,566392,Yes,Social Media,0
LEAD_0892,Large,IT/Software,597217604,Kandy,40,10,0,No,6,Manager,15929146,Yes,Referral,1
LEAD_0893,Large,Healthcare,687063892,Kurunegala,100,14,15,Yes,71,C-Level,39912664,No,Referral,1
LEAD_0894,Large,Agriculture,822753080,Jaffna,70,12,13,No,70,Manager,42725097,Yes,Trade Show,1
LEAD_0895,Medium,Manufacturing,42789475,Kandy,41,4,10,No,52,Manager,1147581,No,Website,0
LEAD_0896,Large,Healthcare,394482042,Anuradhapura,91,16,9,Yes,44,C-Level,14281157,No,Social Media,1
LEAD_0897,Large,Retail,923786397,Matara,66,9,9,No,84,C-Level,49751974,No,Trade Show,1
LEAD_0898,Small,Education,6781735,Colombo,83,34,3,Yes,64,Employee,190863,No,Social Media,1
LEAD_0899,Medium,Healthcare,88079925,Matara,91,26,7,Yes,139,Employee,2728199,No,Trade Show,1
LEAD_0900,Medium,Finance,96202574,Matara,70,12,13,No,157,C-Level,2173316,No,Social Media,1
LEAD_0901,Large,Manufacturing,515497010,Matara,75,42,5,No,90,Employee,26512528,No,Social Media,1
LEAD_0902,Medium,Education,68964998,Anuradhapura,78,19,16,No,122,Manager,2817174,Yes,Website,1
LEAD_0903,Small,Manufacturing,12995299,Anuradhapura,54,8,9,No,51,C-Level,295339,No,Social Media,1
LEAD_0904,Large,Retail,679271082,Anuradhapura,99,18,19,Yes,87,Employee,37579607,No,Website,1
LEAD_0905,Medium,Education,88234525,Kurunegala,69,18,17,No,115,Employee,3532095,No,Social Media,1
LEAD_0906,Large,Tourism,511228376,Galle,70,30,2,No,2,C-Level,17304254,Yes,Social Media,1
LEAD_0907,Large,IT/Software,805265349,Kandy,17,5,4,No,129,Employee,33780032,Yes,Social Media,1
LEAD_0908,Large,Retail,586028943,Kandy,93,49,4,No,105,Manager,14839636,Yes,Cold Call,1
LEAD_0909,Medium,IT/Software,109509366,Kandy,95,17,14,Yes,161,Manager,3437163,No,Social Media,1
LEAD_0910,Large,Education,480137261,Matara,56,19,3,No,116,C-Level,29485713,Yes,Social Media,1
LEAD_0911,Medium,IT/Software,61479819,Colombo,14,8,1,No,132,Employee,2216808,Yes,Cold Call,1
LEAD_0912,Large,IT/Software,808577860,Anuradhapura,88,37,5,No,16,C-Level,40917635,Yes,Cold Call,1
LEAD_0913,Medium,Education,26401235,Jaffna,65,22,9,No,158,Manager,573622,No,Cold Call,1
LEAD_0914,Small,Tourism,10288489,Matara,39,1,11,No,98,Employee,176317,Yes,Trade Show,1
LEAD_0915,Medium,Agriculture,99728882,Negombo,40,0,12,No,170,Manager,3725993,Yes,Cold Call,1
LEAD_0916,Small,Manufacturing,7152542,Matara,100,28,17,No,74,C-Level,151978,Yes,Social Media,1
LEAD_0917,Medium,Finance,108673803,Negombo,68,29,4,No,35,Employee,2731494,Yes,Referral,1
LEAD_0918,Small,Agriculture,9318090,Colombo,98,9,16,Yes,16,C-Level,112700,Yes,Website,1
LEAD_0919,Large,Agriculture,951642745,Negombo,100,42,19,No,50,C-Level,51152551,No,Trade Show,1
LEAD_0920,Large,Tourism,788666913,Anuradhapura,100,44,11,Yes,126,Manager,28231853,Yes,Website,1
LEAD_0921,Medium,IT/Software,93304738,Colombo,100,28,13,Yes,107,C-Level,4182377,Yes,Cold Call,1
LEAD_0922,Small,Manufacturing,19652166,Colombo,61,11,12,No,103,Employee,367121,No,Referral,0
LEAD_0923,Large,Retail,824796978,Kandy,98,9,10,Yes,15,C-Level,30685910,Yes,Referral,1
LEAD_0924,Small,IT/Software,2293526,Kurunegala,98,39,0,Yes,82,Employee,39181,Yes,Referral,1
LEAD_0925,Large,Healthcare,258008729,Jaffna,97,8,16,Yes,177,Manager,9751198,No,Trade Show,0
LEAD_0926,Medium,IT/Software,121280885,Matara,78,42,6,No,11,Employee,3360130,Yes,Cold Call,1
LEAD_0927,Large,IT/Software,484014395,Matara,80,37,10,No,93,Employee,36016735,Yes,Website,1
LEAD_0928,Medium,Education,98575670,Colombo,94,33,8,Yes,31,Employee,2887506,Yes,Cold Call,1
LEAD_0929,Medium,Finance,76500616,Jaffna,100,43,14,Yes,128,Employee,1382774,Yes,Trade Show,1
LEAD_0930,Large,Agriculture,956598240,Anuradhapura,100,40,12,No,8,C-Level,49438414,No,Cold Call,1
LEAD_0931,Large,Healthcare,475623962,Galle,77,13,3,Yes,97,Manager,19826470,No,Referral,1
LEAD_0932,Large,Education,203975985,Kurunegala,100,38,8,Yes,64,Manager,12763045,No,Cold Call,1
LEAD_0933,Medium,Retail,59664717,Kandy,11,6,1,No,21,Employee,907355,Yes,Social Media,1
LEAD_0934,Small,Tourism,6933742,Matara,100,24,12,Yes,125,C-Level,139852,Yes,Social Media,1
LEAD_0935,Medium,Manufacturing,125810012,Negombo,25,0,10,No,169,Employee,3088667,Yes,Social Media,0
LEAD_0936,Medium,Education,36096146,Colombo,100,29,19,No,128,C-Level,804531,Yes,Trade Show,1
LEAD_0937,Small,Healthcare,5757635,Galle,86,11,14,Yes,24,Employee,117182,Yes,Trade Show,1
LEAD_0938,Small,Education,15465049,Jaffna,78,19,16,No,6,Manager,250721,No,Cold Call,1
LEAD_0939,Large,Agriculture,318355728,Negombo,100,48,10,No,152,C-Level,19563802,No,Website,1
LEAD_0940,Small,Education,14601508,Negombo,61,16,7,No,66,C-Level,379947,Yes,Website,1
LEAD_0941,Large,Manufacturing,694581445,Matara,81,31,14,No,76,Employee,37090767,Yes,Website,0
LEAD_0942,Medium,Agriculture,105788135,Negombo,72,5,16,No,109,Manager,2557804,No,Referral,1
LEAD_0943,Large,Retail,198430803,Kandy,68,27,7,No,126,Manager,8543219,No,Social Media,1
LEAD_0944,Medium,Education,109187259,Galle,62,15,6,Yes,65,Employee,4894148,Yes,Social Media,1
LEAD_0945,Large,Retail,242655194,Kandy,100,24,16,Yes,124,C-Level,15771510,No,Referral,1
LEAD_0946,Small,Healthcare,15910970,Jaffna,61,16,1,Yes,5,Manager,303004,Yes,Social Media,1
LEAD_0947,Small,Manufacturing,6008546,Jaffna,96,19,19,No,152,C-Level,173986,No,Cold Call,1
LEAD_0948,Small,Manufacturing,24047852,Galle,72,20,13,No,15,Manager,705213,No,Website,1
LEAD_0949,Medium,Agriculture,133923888,Negombo,82,13,15,Yes,100,Employee,4436370,No,Website,1
LEAD_0950,Medium,Tourism,89597931,Anuradhapura,87,28,14,No,150,Manager,4010623,Yes,Cold Call,1
LEAD_0951,Large,Finance,383556704,Negombo,73,29,2,No,42,Manager,27717750,Yes,Referral,1
LEAD_0952,Small,Manufacturing,21397436,Negombo,48,19,2,No,41,Employee,238879,Yes,Referral,1
LEAD_0953,Small,Agriculture,7292030,Anuradhapura,50,7,4,No,22,C-Level,208664,No,Trade Show,1
LEAD_0954,Medium,Manufacturing,145021518,Matara,84,26,10,No,42,C-Level,4361645,Yes,Website,1
LEAD_0955,Medium,IT/Software,90300242,Kandy,97,40,11,No,158,Manager,2097401,No,Cold Call,1
LEAD_0956,Medium,Agriculture,33830941,Jaffna,100,36,13,Yes,146,Manager,1408297,No,Website,0
LEAD_0957,Small,Education,11642724,Kandy,55,0,10,No,37,C-Level,147358,Yes,Trade Show,0
LEAD_0958,Medium,Retail,137066230,Colombo,100,46,7,Yes,92,C-Level,3769455,Yes,Trade Show,1
LEAD_0959,Medium,Retail,52700042,Galle,100,36,2,Yes,68,C-Level,2189832,No,Social Media,1
LEAD_0960,Small,IT/Software,11745660,Kurunegala,52,8,16,No,138,Employee,197808,No,Social Media,0
LEAD_0961,Small,Tourism,7099073,Negombo,100,11,11,Yes,42,C-Level,139441,No,Referral,1
LEAD_0962,Small,Tourism,11457549,Colombo,100,46,6,No,102,Manager,231645,No,Referral,0
LEAD_0963,Medium,Tourism,112202909,Kurunegala,69,36,6,No,12,Employee,3352935,No,Website,0
LEAD_0964,Medium,Agriculture,107352227,Anuradhapura,92,40,5,No,160,C-Level,4098925,Yes,Cold Call,0
LEAD_0965,Large,Healthcare,943766807,Matara,88,44,9,No,71,Employee,40148046,No,Social Media,1
LEAD_0966,Large,Finance,177524420,Kandy,58,14,15,No,62,Employee,12076854,Yes,Cold Call,1
LEAD_0967,Small,IT/Software,2955501,Anuradhapura,100,43,1,Yes,93,Manager,29725,Yes,Website,1
LEAD_0968,Medium,Healthcare,112525008,Matara,100,31,16,Yes,145,Manager,3344680,Yes,Cold Call,1
LEAD_0969,Medium,Manufacturing,148554674,Jaffna,100,41,14,No,98,Manager,4355110,No,Trade Show,1
LEAD_0970,Small,Finance,20912208,Negombo,100,39,17,Yes,165,Employee,615124,No,Social Media,1
LEAD_0971,Medium,Education,135166515,Jaffna,94,26,14,No,48,C-Level,4344629,No,Social Media,1
LEAD_0972,Medium,IT/Software,98031404,Negombo,63,29,2,No,71,Employee,2350334,No,Referral,1
LEAD_0973,Medium,Tourism,65069631,Anuradhapura,89,23,8,Yes,162,Employee,1589147,No,Trade Show,1
LEAD_0974,Small,Tourism,1911061,Matara,100,20,13,Yes,114,C-Level,28200,Yes,Cold Call,1
LEAD_0975,Large,Finance,761067702,Colombo,100,46,2,Yes,125,C-Level,33003406,No,Social Media,1
LEAD_0976,Small,Finance,20432370,Kurunegala,100,27,16,Yes,141,Manager,420076,Yes,Cold Call,1
LEAD_0977,Large,Agriculture,381689204,Negombo,100,47,17,No,92,C-Level,16385123,No,Website,1
LEAD_0978,Large,Retail,550474099,Matara,26,1,6,No,168,Manager,14860335,No,Website,1
LEAD_0979,Large,Tourism,654935264,Colombo,74,18,15,No,60,Manager,30579834,Yes,Website,1
LEAD_0980,Small,Retail,6327846,Jaffna,57,3,5,Yes,123,Employee,132151,No,Referral,1
LEAD_0981,Small,IT/Software,3090223,Kurunegala,100,49,5,Yes,79,C-Level,88004,No,Website,1
LEAD_0982,Medium,Education,70450999,Negombo,78,4,5,Yes,180,C-Level,2281419,No,Referral,1
LEAD_0983,Small,IT/Software,24807361,Jaffna,45,22,5,No,4,Employee,553824,Yes,Cold Call,1
LEAD_0984,Small,Healthcare,17189834,Galle,34,8,1,No,175,C-Level,460849,No,Cold Call,0
LEAD_0985,Small,Manufacturing,14814803,Matara,52,23,1,No,64,Employee,435269,No,Referral,1
LEAD_0986,Large,Agriculture,997045608,Colombo,86,46,3,No,131,Employee,72895674,Yes,Trade Show,1
LEAD_0987,Large,IT/Software,591673088,Kurunegala,81,9,11,Yes,61,Employee,17814231,No,Referral,1
LEAD_0988,Large,Finance,430100256,Anuradhapura,100,44,8,Yes,19,Employee,18109197,No,Website,1
LEAD_0989,Large,Manufacturing,628873241,Negombo,37,0,15,No,12,Employee,38534757,No,Social Media,0
LEAD_0990,Large,Tourism,720105829,Jaffna,74,8,17,No,171,Manager,51145683,Yes,Trade Show,1
LEAD_0991,Medium,Tourism,134210682,Anuradhapura,100,22,13,Yes,33,Employee,5193101,Yes,Referral,1
LEAD_0992,Small,Tourism,4043745,Negombo,100,40,19,Yes,154,Manager,60595,Yes,Social Media,1
LEAD_0993,Large,IT/Software,187125339,Kurunegala,46,11,12,No,68,Employee,8315075,No,Cold Call,1
LEAD_0994,Large,Manufacturing,999668778,Galle,54,16,2,Yes,160,Employee,52492002,Yes,Website,1
LEAD_0995,Medium,Education,119516199,Anuradhapura,70,0,10,Yes,74,C-Level,5256586,Yes,Website,1
LEAD_0996,Large,IT/Software,276962526,Jaffna,83,2,10,Yes,120,C-Level,20743136,No,Trade Show,1
LEAD_0997,Medium,Education,35128715,Jaffna,93,7,19,Yes,5,Employee,883258,Yes,Trade Show,1
LEAD_0998,Large,Education,680531071,Negombo,100,34,7,Yes,174,Manager,30069693,Yes,Cold Call,1
LEAD_0999,Medium,Healthcare,93502587,Kandy,94,11,17,Yes,86,Employee,3608823,Yes,Trade Show,1
LEAD_1000,Large,Tourism,212163964,Anuradhapura,100,41,18,No,31,C-Level,10502204,Yes,Website,1