lead_id,company_size,industry,location,engagement_score,contact_level,demo_requested,model_probability,lead_score,priority,pipeline_stage,converted
LEAD_0628,Large,Healthcare,Matara,100,C-Level,Yes,96.27551080645472,94.17,HIGH,Converted,1
LEAD_0389,Large,Education,Negombo,100,C-Level,Yes,97.80189315196202,93.29,HIGH,Converted,1
LEAD_0139,Large,Manufacturing,Kurunegala,100,C-Level,Yes,95.50636935258134,93.19,HIGH,Converted,1
LEAD_0064,Large,Agriculture,Galle,100,C-Level,Yes,96.17738591938692,93.17,HIGH,Converted,1
LEAD_0023,Large,Retail,Matara,100,C-Level,Yes,96.30511258793013,92.96,HIGH,Converted,1
LEAD_0498,Large,Finance,Colombo,100,C-Level,Yes,97.18141802060819,92.67,HIGH,Converted,1
LEAD_0893,Large,Healthcare,Kurunegala,100,C-Level,Yes,97.69036363926685,92.56,HIGH,Converted,1
LEAD_0031,Large,Education,Matara,100,C-Level,Yes,98.1203716918187,92.56,HIGH,Converted,1
LEAD_0640,Large,Finance,Kurunegala,100,C-Level,Yes,98.67944451738919,92.41,HIGH,Converted,1
LEAD_0945,Large,Retail,Kandy,100,C-Level,Yes,95.05451490303365,92.28,HIGH,Converted,1
LEAD_0570,Large,Agriculture,Colombo,100,C-Level,Yes,92.1799090001033,92.0,HIGH,Converted,1
LEAD_0371,Large,Retail,Kurunegala,100,C-Level,Yes,96.44345079168006,91.98,HIGH,Converted,1
LEAD_0113,Large,Education,Kandy,96,C-Level,Yes,97.18709579222723,91.56,HIGH,Converted,1
LEAD_0043,Large,Finance,Colombo,100,C-Level,Yes,92.21126646979917,91.45,HIGH,Converted,1
LEAD_0175,Large,Tourism,Negombo,100,C-Level,Yes,96.48771718812334,91.42,HIGH,Converted,1
LEAD_0321,Large,Agriculture,Galle,100,C-Level,Yes,98.63165204435914,90.97,HIGH,Converted,1
LEAD_0182,Large,Finance,Galle,100,C-Level,Yes,89.97970338121235,90.88,HIGH,Converted,1
LEAD_0222,Large,Education,Negombo,98,C-Level,No,91.31006521032802,90.71,HIGH,Converted,1
LEAD_0741,Large,Education,Galle,100,C-Level,Yes,97.08224410745063,90.66,HIGH,Converted,1
LEAD_0418,Large,Manufacturing,Matara,100,C-Level,Yes,98.36977751500075,90.63,HIGH,Converted,1
LEAD_0643,Large,Agriculture,Negombo,100,C-Level,Yes,98.2465329989855,90.59,HIGH,Converted,1
LEAD_0112,Large,IT/Software,Negombo,100,C-Level,Yes,98.76235708088477,90.41,HIGH,Converted,1
LEAD_0975,Large,Finance,Colombo,100,C-Level,Yes,97.18475032166104,90.1,HIGH,Converted,1
LEAD_0101,Large,Finance,Jaffna,92,C-Level,Yes,97.64632871302196,90.1,HIGH,Converted,1
LEAD_0126,Large,Healthcare,Negombo,100,C-Level,No,93.58928128410204,89.9,HIGH,Converted,1
LEAD_0161,Large,Healthcare,Anuradhapura,100,C-Level,Yes,98.18104981346441,89.82,HIGH,Converted,1
LEAD_0833,Large,Education,Negombo,100,Manager,Yes,96.22664525006105,89.71,HIGH,Converted,1
LEAD_0923,Large,Retail,Kandy,98,C-Level,Yes,99.11543873297481,89.64,HIGH,Converted,1
LEAD_0219,Large,Tourism,Colombo,100,C-Level,Yes,97.93703406437436,89.51,HIGH,Converted,1
LEAD_0435,Large,IT/Software,Kurunegala,94,C-Level,Yes,97.79986574627812,89.51,HIGH,Converted,1
LEAD_0483,Large,Education,Negombo,100,C-Level,Yes,98.94931696218366,89.44,HIGH,Converted,1
LEAD_0225,Large,IT/Software,Jaffna,97,C-Level,No,89.92848677183567,89.29,HIGH,Converted,1
LEAD_0117,Large,Healthcare,Anuradhapura,100,C-Level,Yes,97.48498038904533,89.16,HIGH,Converted,1
LEAD_0243,Large,Healthcare,Kurunegala,100,C-Level,Yes,97.16002190227863,89.03,HIGH,Converted,1
LEAD_0939,Large,Agriculture,Negombo,100,C-Level,No,89.41466345591242,88.93,HIGH,Converted,1
LEAD_0806,Medium,IT/Software,Kurunegala,100,C-Level,Yes,95.40437911571298,88.83,HIGH,Converted,1
LEAD_0751,Medium,Agriculture,Negombo,100,C-Level,Yes,96.40133751698907,88.82,HIGH,Converted,1
LEAD_0996,Large,IT/Software,Jaffna,83,C-Level,Yes,93.59999231639873,88.78,HIGH,Converted,1
LEAD_0436,Large,Manufacturing,Kandy,99,C-Level,Yes,99.24199595287033,88.69,HIGH,Converted,1
LEAD_0041,Large,IT/Software,Kurunegala,100,Manager,Yes,94.93661643095773,88.66,HIGH,Converted,1
LEAD_0266,Medium,Education,Colombo,100,C-Level,Yes,94.87638087120604,88.66,HIGH,Converted,1
LEAD_0661,Large,Finance,Colombo,100,C-Level,No,85.3791580499912,88.6,HIGH,Converted,1
LEAD_0449,Large,IT/Software,Kurunegala,100,C-Level,No,96.78456084287122,88.57,HIGH,Converted,1
LEAD_0710,Medium,Tourism,Kandy,100,C-Level,Yes,93.72287369384703,88.37,HIGH,Converted,1
LEAD_0645,Medium,Agriculture,Matara,100,C-Level,Yes,94.77235234357194,88.34,HIGH,Converted,1
LEAD_0408,Large,Education,Jaffna,100,C-Level,No,95.709074449871,88.13,HIGH,Converted,1
LEAD_0697,Medium,Healthcare,Colombo,100,C-Level,Yes,94.33633049682697,88.13,HIGH,Converted,1
LEAD_0778,Large,Healthcare,Anuradhapura,91,C-Level,Yes,95.54695227691649,88.07,HIGH,Converted,1
LEAD_0959,Medium,Retail,Galle,100,C-Level,Yes,93.63435945998731,88.05,HIGH,Converted,1
LEAD_0039,Medium,Healthcare,Kandy,100,C-Level,Yes,96.67634457631856,88.01,HIGH,Converted,1
LEAD_0919,Large,Agriculture,Negombo,100,C-Level,No,89.8847440632384,88.01,HIGH,Converted,1
LEAD_0416,Large,Finance,Jaffna,100,C-Level,Yes,98.41606510693038,87.97,HIGH,Converted,1
LEAD_0370,Large,Tourism,Negombo,100,Manager,Yes,97.53616702918296,87.9,HIGH,Converted,1
LEAD_0783,Large,Finance,Kandy,100,C-Level,Yes,98.08118829286205,87.9,HIGH,Converted,1
LEAD_0017,Large,Healthcare,Galle,100,Manager,Yes,93.63360115054196,87.84,HIGH,Converted,1
LEAD_0217,Large,Education,Jaffna,100,C-Level,Yes,96.07166080199099,87.78,HIGH,Converted,1
LEAD_0685,Medium,IT/Software,Matara,100,C-Level,Yes,92.13043276455157,87.75,HIGH,Converted,1
LEAD_0889,Large,Education,Matara,100,C-Level,No,96.67075853414144,87.72,HIGH,Converted,1
LEAD_0203,Large,IT/Software,Galle,100,Manager,Yes,92.3961183362251,87.57,HIGH,Converted,1
LEAD_0486,Large,IT/Software,Negombo,93,C-Level,No,93.39833573433265,87.55,HIGH,Converted,1
LEAD_0055,Medium,Agriculture,Galle,100,C-Level,Yes,96.7384242998598,87.47,HIGH,Converted,1
LEAD_0097,Large,Finance,Matara,95,C-Level,No,93.64370692497818,87.46,HIGH,Converted,1
LEAD_0932,Large,Education,Kurunegala,100,Manager,Yes,94.15684883890455,87.46,HIGH,Converted,1
LEAD_0769,Large,Education,Colombo,100,C-Level,No,86.12959492219558,87.45,HIGH,Converted,1
LEAD_0350,Large,Tourism,Kandy,97,Manager,Yes,93.1054577760771,87.32,HIGH,Converted,1
LEAD_0309,Medium,Retail,Colombo,97,C-Level,Yes,95.95710136632619,87.31,HIGH,Converted,1
LEAD_0356,Large,Agriculture,Anuradhapura,100,Manager,Yes,91.358334926141,87.27,HIGH,Converted,1
LEAD_0312,Large,IT/Software,Kurunegala,98,C-Level,No,95.74927481727907,87.25,HIGH,Converted,1
LEAD_0930,Large,Agriculture,Anuradhapura,100,C-Level,No,88.73564125878653,87.12,HIGH,Converted,1
LEAD_0799,Medium,Healthcare,Colombo,100,C-Level,Yes,93.62271304967763,87.07,HIGH,Converted,1
LEAD_0028,Large,Retail,Kandy,99,Manager,Yes,91.9226256169769,87.05,HIGH,Converted,1
LEAD_0448,Medium,Education,Kandy,100,C-Level,Yes,97.2585635269602,87.04,HIGH,Converted,1
LEAD_0921,Medium,IT/Software,Colombo,100,C-Level,Yes,90.56665599019334,87.01,HIGH,Converted,1
LEAD_0977,Large,Agriculture,Negombo,100,C-Level,No,91.11187361758827,87.0,HIGH,Converted,1
LEAD_0583,Large,Finance,Kandy,93,C-Level,No,89.59133780227414,86.91,HIGH,Converted,1
LEAD_0765,Large,Healthcare,Kurunegala,100,Manager,Yes,96.81890192148956,86.87,HIGH,Converted,1
LEAD_0896,Large,Healthcare,Anuradhapura,91,C-Level,Yes,97.33049524686241,86.85,HIGH,Converted,1
LEAD_0402,Large,Retail,Galle,100,Manager,Yes,89.9878689958681,86.8,HIGH,Converted,1
LEAD_0068,Medium,IT/Software,Kandy,100,C-Level,Yes,93.92395174477976,86.71,HIGH,Demo/Trial,0
LEAD_0125,Large,Education,Kurunegala,100,C-Level,No,95.04033926717008,86.69,HIGH,Converted,1
LEAD_0869,Medium,Agriculture,Anuradhapura,100,C-Level,Yes,94.61150184833059,86.67,HIGH,Converted,1
LEAD_0518,Large,Manufacturing,Kandy,90,C-Level,No,89.21251737487287,86.63,HIGH,Converted,1
LEAD_0058,Large,Retail,Kandy,100,Manager,Yes,93.74676441269739,86.61,HIGH,Converted,1
LEAD_0579,Medium,Tourism,Galle,100,C-Level,Yes,94.11406767253993,86.5,HIGH,Converted,1
LEAD_0441,Medium,Finance,Kurunegala,93,C-Level,Yes,96.3552626609241,86.46,HIGH,Converted,1
LEAD_0244,Large,Retail,Galle,91,C-Level,Yes,98.80965375199776,86.42,HIGH,Converted,1
LEAD_0263,Large,Healthcare,Anuradhapura,100,C-Level,No,91.17314022889943,86.38,HIGH,Converted,1
LEAD_0059,Large,Healthcare,Matara,100,C-Level,No,89.30428927290856,86.34,HIGH,Converted,1
LEAD_0662,Medium,Manufacturing,Colombo,100,C-Level,Yes,91.63924359285856,86.31,HIGH,Converted,1
LEAD_0278,Medium,Tourism,Kandy,100,C-Level,Yes,93.16990553374967,86.28,HIGH,Converted,1
LEAD_0998,Large,Education,Negombo,100,Manager,Yes,97.30158865756057,86.28,HIGH,Converted,1
LEAD_0252,Medium,Retail,Galle,100,C-Level,Yes,89.20083681071107,86.15,HIGH,Converted,1
LEAD_0121,Medium,Agriculture,Colombo,98,C-Level,Yes,95.72256981498528,86.13,HIGH,Converted,1
LEAD_0729,Large,Education,Kurunegala,100,Manager,Yes,90.37115823622679,86.0,HIGH,Converted,1
LEAD_0362,Medium,Tourism,Kurunegala,100,C-Level,Yes,96.74159801584878,85.99,HIGH,Converted,1
LEAD_0348,Medium,Agriculture,Kandy,96,C-Level,Yes,96.0790601700677,85.96,HIGH,Converted,1
LEAD_0093,Large,Agriculture,Jaffna,100,Manager,Yes,92.28703328730626,85.8,HIGH,Converted,1
LEAD_0549,Large,Agriculture,Kandy,100,Manager,Yes,95.77624088996886,85.77,HIGH,Converted,1
LEAD_0143,Small,Agriculture,Negombo,100,C-Level,Yes,95.11696163465916,85.65,HIGH,Converted,1
LEAD_0051,Large,Agriculture,Kurunegala,100,Manager,Yes,97.70447067232932,85.61,HIGH,Converted,1
LEAD_0325,Medium,IT/Software,Colombo,100,C-Level,Yes,93.94038734060031,85.51,HIGH,Converted,1
LEAD_0568,Large,Finance,Galle,92,C-Level,No,92.137682169533,85.48,HIGH,Converted,1
LEAD_0867,Large,Tourism,Galle,100,C-Level,No,81.36907134481879,85.4,HIGH,Converted,1
LEAD_0019,Small,Retail,Matara,100,C-Level,Yes,92.16719048800435,85.32,HIGH,Converted,1
LEAD_0471,Medium,Finance,Anuradhapura,100,C-Level,Yes,89.55069126295491,85.25,HIGH,Converted,1
LEAD_0759,Medium,Education,Negombo,100,C-Level,Yes,87.76357072564113,85.24,HIGH,Converted,1
LEAD_0411,Large,Finance,Matara,100,Manager,Yes,96.91351889951261,85.06,HIGH,Converted,1
LEAD_0539,Large,Agriculture,Galle,100,C-Level,No,82.73041172665808,85.05,HIGH,Converted,1
LEAD_0538,Medium,Finance,Jaffna,100,C-Level,Yes,92.14143481140007,85.05,HIGH,Converted,1
LEAD_0958,Medium,Retail,Colombo,100,C-Level,Yes,91.68361573187973,84.97,HIGH,Converted,1
LEAD_0961,Small,Tourism,Negombo,100,C-Level,Yes,93.95332516559687,84.92,HIGH,Converted,1
LEAD_0790,Large,Agriculture,Galle,100,Manager,Yes,93.08956228123645,84.89,HIGH,Converted,1
LEAD_0500,Large,Tourism,Negombo,92,Manager,Yes,96.24918811284957,84.74,HIGH,Converted,1
LEAD_0328,Large,Education,Kurunegala,100,Employee,Yes,93.86096972599822,84.72,HIGH,Converted,1
LEAD_0342,Large,Education,Galle,100,Manager,Yes,94.94187853820078,84.68,HIGH,Converted,1
LEAD_0199,Large,Tourism,Kandy,100,Manager,Yes,89.51861454637385,84.62,HIGH,Converted,1
LEAD_0235,Large,Agriculture,Kandy,98,Employee,Yes,92.62197008256514,84.54,HIGH,Converted,1
LEAD_0815,Large,Tourism,Kandy,83,C-Level,Yes,98.16763208552645,84.53,HIGH,Converted,1
LEAD_0764,Large,Agriculture,Kurunegala,100,Employee,Yes,92.20752353566978,84.49,HIGH,Converted,1
LEAD_0024,Large,Manufacturing,Negombo,100,Manager,Yes,97.97501347892906,84.48,HIGH,Converted,1
LEAD_0224,Medium,Healthcare,Galle,100,C-Level,Yes,88.21280650563396,84.44,HIGH,Converted,1
LEAD_0536,Large,IT/Software,Jaffna,81,C-Level,Yes,96.82925730080406,84.41,HIGH,Converted,1
LEAD_0850,Large,Finance,Kandy,80,C-Level,Yes,95.96398776986028,84.4,HIGH,Converted,1
LEAD_0100,Large,Education,Galle,100,Manager,Yes,91.54918514855017,84.38,HIGH,Converted,1
LEAD_0925,Large,Healthcare,Jaffna,97,Manager,Yes,96.82767967383988,84.33,HIGH,Demo/Trial,0
LEAD_0391,Large,Manufacturing,Negombo,100,Employee,Yes,94.28593067156592,84.31,HIGH,Converted,1
LEAD_0812,Large,Tourism,Colombo,100,Manager,Yes,94.90021612297976,84.28,HIGH,Demo/Trial,0
LEAD_0048,Large,Tourism,Negombo,100,Manager,No,89.79754893105269,84.26,HIGH,Converted,1
LEAD_1000,Large,Tourism,Anuradhapura,100,C-Level,No,83.44152789908098,84.15,HIGH,Converted,1
LEAD_0096,Large,Tourism,Galle,90,Manager,Yes,90.79569723128378,84.14,HIGH,Converted,1
LEAD_0720,Medium,Agriculture,Kurunegala,100,C-Level,No,86.62287903938177,84.14,HIGH,Converted,1
LEAD_0746,Large,Tourism,Anuradhapura,100,Manager,Yes,87.35563892183123,84.11,HIGH,Converted,1
LEAD_0428,Medium,Agriculture,Kandy,100,C-Level,No,85.62616082657003,84.09,HIGH,Converted,1
LEAD_0204,Large,Agriculture,Colombo,100,Manager,Yes,95.38791795124902,84.08,HIGH,Converted,1
LEAD_0062,Large,Healthcare,Jaffna,100,Manager,Yes,96.78576885829665,84.03,HIGH,Converted,1
LEAD_0619,Large,IT/Software,Galle,90,C-Level,No,90.31507081714084,83.93,HIGH,Converted,1
LEAD_0848,Large,Retail,Galle,87,C-Level,No,95.8958423644998,83.83,HIGH,Converted,1
LEAD_0831,Medium,Tourism,Galle,100,C-Level,Yes,84.4520830048688,83.83,HIGH,Converted,1
LEAD_0320,Large,Finance,Anuradhapura,99,Manager,Yes,98.23730922847187,83.82,HIGH,Converted,1
LEAD_0290,Medium,Manufacturing,Kurunegala,100,C-Level,No,90.43804593244896,83.8,HIGH,Converted,1
LEAD_0045,Medium,IT/Software,Kandy,100,Manager,Yes,93.05834825519382,83.78,HIGH,Converted,1
LEAD_0516,Medium,Manufacturing,Kurunegala,100,C-Level,No,86.72093632632702,83.75,HIGH,Converted,1
LEAD_0537,Medium,Education,Jaffna,100,C-Level,No,89.36368914161224,83.67,HIGH,Converted,1
LEAD_0912,Large,IT/Software,Anuradhapura,88,C-Level,No,88.1116388863282,83.65,HIGH,Converted,1
LEAD_0197,Large,Manufacturing,Anuradhapura,82,C-Level,Yes,97.3408642853271,83.62,HIGH,Converted,1
LEAD_0424,Large,Manufacturing,Kandy,100,Manager,Yes,92.58451999150928,83.57,HIGH,Demo/Trial,0
LEAD_0818,Large,Healthcare,Negombo,100,Manager,No,85.04684432264588,83.53,HIGH,Converted,1
LEAD_0920,Large,Tourism,Anuradhapura,100,Manager,Yes,94.25544990755965,83.5,HIGH,Converted,1
LEAD_0323,Large,Healthcare,Kurunegala,100,Employee,Yes,93.8479973212742,83.45,HIGH,Demo/Trial,0
LEAD_0358,Medium,Agriculture,Kurunegala,99,C-Level,No,90.17174275261519,83.45,HIGH,Converted,1
LEAD_0529,Large,Tourism,Jaffna,99,Employee,Yes,92.80547788982456,83.4,HIGH,Converted,1
LEAD_0322,Large,Tourism,Colombo,100,Manager,Yes,94.71716761717948,83.36,HIGH,Converted,1
LEAD_0694,Small,Education,Galle,100,C-Level,Yes,90.46601422973995,83.35,HIGH,Converted,1
LEAD_0180,Large,Manufacturing,Jaffna,100,Manager,Yes,95.09644736364598,83.32,HIGH,Converted,1
LEAD_0140,Medium,Agriculture,Matara,100,Manager,Yes,92.90206002909864,83.21,HIGH,Converted,1
LEAD_0805,Large,Tourism,Negombo,100,Employee,Yes,88.37692345528421,83.18,HIGH,Converted,1
LEAD_0335,Large,IT/Software,Kandy,87,Manager,Yes,91.15593557520059,83.11,HIGH,Converted,1
LEAD_0763,Small,Retail,Jaffna,99,C-Level,Yes,90.30983048396618,83.01,HIGH,Converted,1
LEAD_0541,Small,IT/Software,Galle,100,C-Level,Yes,90.1752844225867,83.0,HIGH,Converted,1
LEAD_0289,Small,Finance,Negombo,100,C-Level,Yes,88.94395892849244,83.0,HIGH,Converted,1
LEAD_0934,Small,Tourism,Matara,100,C-Level,Yes,89.84253182713162,82.95,HIGH,Converted,1
LEAD_0236,Large,Healthcare,Galle,85,C-Level,No,86.71588432403662,82.92,HIGH,Converted,1
LEAD_0853,Small,Education,Jaffna,100,C-Level,Yes,87.18608618785,82.91,HIGH,Converted,1
LEAD_0006,Large,Education,Anuradhapura,94,Manager,Yes,95.39325221417653,82.89,HIGH,Converted,1
LEAD_0407,Large,Retail,Anuradhapura,82,C-Level,No,92.97548212482425,82.88,HIGH,Converted,1
LEAD_0003,Medium,IT/Software,Kurunegala,100,Manager,Yes,93.25977778765836,82.79,HIGH,Converted,1
LEAD_0176,Large,Retail,Kurunegala,100,Employee,Yes,96.98957431254026,82.78,HIGH,Converted,1
LEAD_0190,Large,Healthcare,Negombo,91,Manager,Yes,96.58461418016047,82.78,HIGH,Converted,1
LEAD_0504,Large,Retail,Anuradhapura,76,C-Level,Yes,92.36576258883879,82.75,HIGH,Converted,1
LEAD_0090,Medium,Tourism,Kurunegala,100,Manager,Yes,92.7442609840864,82.73,HIGH,Converted,1
LEAD_0586,Medium,Healthcare,Galle,98,Manager,Yes,90.89126463563325,82.64,HIGH,Converted,1
LEAD_0918,Small,Agriculture,Colombo,98,C-Level,Yes,92.63968083709081,82.63,HIGH,Converted,1
LEAD_0829,Large,Healthcare,Galle,100,Employee,Yes,91.62155230668648,82.6,HIGH,Converted,1
LEAD_0702,Small,Retail,Kurunegala,100,C-Level,Yes,92.07476200594155,82.59,HIGH,Converted,1
LEAD_0974,Small,Tourism,Matara,100,C-Level,Yes,90.69215604213724,82.56,HIGH,Converted,1
LEAD_0393,Medium,Finance,Jaffna,100,C-Level,No,82.25776077173774,82.5,HIGH,Converted,1
LEAD_0040,Medium,Retail,Kandy,100,Manager,Yes,90.50654815277622,82.47,HIGH,Converted,1
LEAD_0624,Large,Finance,Kandy,100,Employee,Yes,94.25941455929016,82.47,HIGH,Converted,1
LEAD_0540,Small,Healthcare,Kurunegala,100,C-Level,Yes,90.7843339001055,82.46,HIGH,Converted,1
LEAD_0873,Large,Education,Jaffna,100,Manager,No,91.0775866199853,82.44,HIGH,Converted,1
LEAD_0319,Small,Agriculture,Galle,100,C-Level,Yes,88.8062502097853,82.4,HIGH,Converted,1
LEAD_0374,Small,Tourism,Jaffna,100,C-Level,Yes,86.00949555562461,82.37,HIGH,Converted,1
LEAD_0372,Large,IT/Software,Negombo,94,Employee,Yes,93.68600578431234,82.32,HIGH,Converted,1
LEAD_0465,Small,IT/Software,Kandy,100,C-Level,Yes,90.36412632072363,82.1,HIGH,Converted,1
LEAD_0881,Medium,Education,Kandy,100,C-Level,No,81.03829624875229,82.09,HIGH,Converted,1
LEAD_0904,Large,Retail,Anuradhapura,99,Employee,Yes,92.08195461183846,82.09,HIGH,Converted,1
LEAD_0388,Large,Tourism,Matara,100,Employee,Yes,93.78318546083383,82.08,HIGH,Converted,1
LEAD_0442,Large,Manufacturing,Colombo,100,Employee,Yes,95.50671623014595,82.05,HIGH,Converted,1
LEAD_0602,Small,IT/Software,Kandy,96,C-Level,Yes,91.61869490354711,81.96,HIGH,Converted,1
LEAD_0251,Large,Agriculture,Kandy,77,C-Level,No,96.17721826893595,81.9,HIGH,Converted,1
LEAD_0814,Large,Tourism,Jaffna,100,Manager,Yes,81.39818972608236,81.9,HIGH,Converted,1
LEAD_0496,Large,Retail,Colombo,90,Manager,Yes,95.09286636622899,81.88,HIGH,Converted,1
LEAD_0394,Medium,IT/Software,Kandy,100,C-Level,No,87.67166712135094,81.88,HIGH,Converted,1
LEAD_0587,Medium,Healthcare,Kandy,94,C-Level,No,88.5742367724581,81.86,HIGH,Converted,1
LEAD_0688,Large,Tourism,Matara,81,C-Level,No,83.07486132330753,81.81,HIGH,Converted,1
LEAD_0809,Medium,Education,Jaffna,100,Manager,Yes,92.4318525969882,81.8,HIGH,Converted,1
LEAD_0773,Large,Tourism,Jaffna,100,Employee,Yes,95.35231811357515,81.76,HIGH,Converted,1
LEAD_0174,Large,Finance,Colombo,92,Manager,Yes,94.1940562791856,81.75,HIGH,Converted,1
LEAD_0259,Small,Education,Matara,100,C-Level,Yes,89.26285228510935,81.75,HIGH,Converted,1
LEAD_0344,Large,Finance,Negombo,95,Manager,No,82.13647586617728,81.75,HIGH,Converted,1
LEAD_0245,Large,Agriculture,Kurunegala,100,Manager,No,83.82394050519707,81.74,MEDIUM,Converted,1
LEAD_0338,Large,Manufacturing,Negombo,95,Manager,No,94.05716863441818,81.61,MEDIUM,Converted,1
LEAD_0792,Medium,Finance,Kandy,100,C-Level,No,85.38005123894125,81.6,MEDIUM,Converted,1
LEAD_0796,Small,Education,Colombo,100,C-Level,Yes,89.03447339540658,81.58,MEDIUM,Converted,1
LEAD_0772,Medium,Tourism,Jaffna,100,C-Level,Yes,86.55080727272305,81.58,MEDIUM,Converted,1
LEAD_0079,Medium,Finance,Galle,96,C-Level,No,83.50084520698195,81.56,MEDIUM,Converted,1
LEAD_0876,Large,Agriculture,Kandy,72,C-Level,No,93.09440362633038,81.54,MEDIUM,Converted,1
LEAD_0762,Medium,Healthcare,Kurunegala,88,C-Level,No,85.65466206411277,81.53,MEDIUM,Converted,1
LEAD_0988,Large,Finance,Anuradhapura,100,Employee,Yes,94.29961222809725,81.47,MEDIUM,Converted,1
LEAD_0981,Small,IT/Software,Kurunegala,100,C-Level,Yes,84.22672724315564,81.39,MEDIUM,Converted,1
LEAD_0035,Medium,Education,Galle,87,C-Level,Yes,94.36159445818747,81.37,MEDIUM,Converted,1
LEAD_0713,Medium,IT/Software,Galle,100,Manager,Yes,89.03008524255871,81.16,MEDIUM,Converted,1
LEAD_0009,Medium,Retail,Kurunegala,97,C-Level,No,80.52093718410586,81.13,MEDIUM,Converted,1
LEAD_0118,Large,Healthcare,Galle,95,Manager,No,90.51491414799231,81.08,MEDIUM,Converted,1
LEAD_0308,Small,Agriculture,Jaffna,91,C-Level,Yes,89.52707710402814,81.08,MEDIUM,Converted,1
LEAD_0872,Medium,Agriculture,Kandy,100,Manager,Yes,93.93079251171976,81.04,MEDIUM,Converted,1
LEAD_0982,Medium,Education,Negombo,78,C-Level,Yes,93.36036723131427,81.04,MEDIUM,Converted,1
LEAD_0220,Large,IT/Software,Galle,99,Manager,No,92.30915468499843,80.95,MEDIUM,Converted,1
LEAD_0524,Small,Agriculture,Kandy,94,C-Level,Yes,89.70736251222434,80.87,MEDIUM,Converted,1
LEAD_0446,Large,Retail,Colombo,89,Manager,Yes,95.76231838263281,80.82,MEDIUM,Converted,1
LEAD_0743,Large,IT/Software,Matara,100,Employee,Yes,96.20320514683259,80.74,MEDIUM,Converted,1
LEAD_0154,Small,Healthcare,Galle,92,C-Level,Yes,90.36650446495452,80.73,MEDIUM,Converted,1
LEAD_0630,Small,Manufacturing,Galle,100,C-Level,Yes,82.85010617844095,80.69,MEDIUM,Converted,1
LEAD_0299,Large,Education,Kandy,100,Manager,No,83.49971803382464,80.64,MEDIUM,Converted,1
LEAD_0956,Medium,Agriculture,Jaffna,100,Manager,Yes,86.76713137354676,80.63,MEDIUM,Demo/Trial,0
LEAD_0398,Medium,Healthcare,Colombo,100,Manager,Yes,93.68358081775497,80.56,MEDIUM,Converted,1
LEAD_0707,Medium,Education,Anuradhapura,100,C-Level,No,84.47673244402812,80.54,MEDIUM,Converted,1
LEAD_0784,Large,IT/Software,Negombo,92,Manager,No,90.88636793179155,80.51,MEDIUM,Converted,1
LEAD_0971,Medium,Education,Jaffna,94,C-Level,No,84.35829780811278,80.5,MEDIUM,Converted,1
LEAD_0776,Medium,Tourism,Kandy,100,Manager,Yes,89.62167841318625,80.43,MEDIUM,Converted,1
LEAD_0968,Medium,Healthcare,Matara,100,Manager,Yes,89.94390859941205,80.43,MEDIUM,Converted,1
LEAD_0050,Large,Finance,Galle,74,C-Level,No,86.50269439259372,80.42,MEDIUM,Converted,1
LEAD_0170,Medium,Retail,Galle,100,Manager,Yes,85.43242929907137,80.42,MEDIUM,Converted,1
LEAD_0443,Medium,Education,Kandy,100,Manager,Yes,94.28516382396464,80.42,MEDIUM,Converted,1
LEAD_0684,Large,Manufacturing,Jaffna,100,Manager,No,84.74137174835354,80.4,MEDIUM,Converted,1
LEAD_0499,Large,Retail,Anuradhapura,100,Employee,Yes,84.38681197715097,80.31,MEDIUM,Converted,1
LEAD_0625,Small,Finance,Jaffna,100,C-Level,Yes,86.20786994046394,80.24,MEDIUM,Converted,1
LEAD_0396,Medium,Manufacturing,Matara,100,Employee,Yes,93.78992287325852,80.14,MEDIUM,Converted,1
LEAD_0313,Small,Manufacturing,Anuradhapura,97,C-Level,Yes,86.37869173045513,80.12,MEDIUM,Converted,1
LEAD_0824,Large,Agriculture,Kandy,80,Manager,Yes,92.40418114278195,80.08,MEDIUM,Converted,1
LEAD_0672,Small,IT/Software,Negombo,88,C-Level,Yes,90.08014884727287,80.07,MEDIUM,Converted,1
LEAD_0227,Large,Manufacturing,Anuradhapura,100,Employee,Yes,95.82718038100481,79.94,MEDIUM,Converted,1
LEAD_0870,Medium,Healthcare,Jaffna,100,Manager,Yes,85.59783190898489,79.88,MEDIUM,Converted,1
LEAD_0545,Large,IT/Software,Kandy,94,Employee,Yes,97.49504223874285,79.79,MEDIUM,Demo/Trial,0
LEAD_0214,Large,Retail,Anuradhapura,100,Employee,Yes,90.13243513842583,79.74,MEDIUM,Converted,1
LEAD_0740,Medium,Agriculture,Galle,100,Manager,Yes,92.26894910557067,79.58,MEDIUM,Demo/Trial,0
LEAD_0885,Medium,Manufacturing,Galle,96,C-Level,No,81.31117252712757,79.58,MEDIUM,Converted,1
LEAD_0111,Medium,Healthcare,Matara,89,C-Level,No,88.76593708327091,79.51,MEDIUM,Qualified,0
LEAD_0598,Large,IT/Software,Negombo,67,C-Level,No,94.76989333348882,79.38,MEDIUM,Converted,1
LEAD_0936,Medium,Education,Colombo,100,C-Level,No,82.05237872741773,79.37,MEDIUM,Converted,1
LEAD_0909,Medium,IT/Software,Kandy,95,Manager,Yes,89.71916914756477,79.32,MEDIUM,Converted,1
LEAD_0897,Large,Retail,Matara,66,C-Level,No,89.2951417230921,79.23,MEDIUM,Converted,1
LEAD_0606,Medium,Finance,Matara,75,C-Level,Yes,92.2904375989728,79.2,MEDIUM,Converted,1
LEAD_0274,Large,Education,Kandy,66,C-Level,No,88.71664219573343,79.19,MEDIUM,Converted,1
LEAD_0531,Medium,Healthcare,Jaffna,80,C-Level,Yes,91.72088308146236,79.14,MEDIUM,Demo/Trial,0
LEAD_0077,Medium,Retail,Kurunegala,100,C-Level,No,82.3126893171785,79.1,MEDIUM,Converted,1
LEAD_0138,Medium,IT/Software,Anuradhapura,95,Manager,Yes,91.39461784031646,79.05,MEDIUM,Converted,1
LEAD_0667,Medium,Education,Jaffna,100,Manager,Yes,91.30416129340682,79.0,MEDIUM,Converted,1
LEAD_0070,Small,Agriculture,Kandy,100,C-Level,Yes,83.9870935142466,78.92,MEDIUM,Converted,1
LEAD_0331,Large,Finance,Colombo,100,Employee,Yes,85.11190806245857,78.9,MEDIUM,Converted,1
LEAD_0633,Small,Retail,Colombo,100,C-Level,Yes,83.64659779830814,78.9,MEDIUM,Converted,1
LEAD_0551,Medium,Healthcare,Kurunegala,100,Employee,Yes,93.97683301437709,78.65,MEDIUM,Converted,1
LEAD_0378,Medium,Education,Kurunegala,87,C-Level,No,85.16050813655585,78.64,MEDIUM,Converted,1
LEAD_0307,Large,Healthcare,Galle,100,Manager,No,75.14754377773792,78.52,MEDIUM,Converted,1
LEAD_0954,Medium,Manufacturing,Matara,84,C-Level,No,86.01820828509429,78.52,MEDIUM,Converted,1
LEAD_0823,Medium,Retail,Galle,89,C-Level,No,86.01985142204971,78.38,MEDIUM,Converted,1
LEAD_0080,Large,Education,Anuradhapura,89,Employee,Yes,90.53401116501941,78.37,MEDIUM,Converted,1
LEAD_0189,Medium,Agriculture,Anuradhapura,94,Manager,Yes,92.4947187162129,78.37,MEDIUM,Converted,1
LEAD_0596,Small,Manufacturing,Negombo,100,C-Level,No,80.92050225799726,78.25,MEDIUM,Converted,1
LEAD_0735,Medium,Finance,Galle,74,C-Level,Yes,90.10343899982888,78.15,MEDIUM,Demo/Trial,0
LEAD_0693,Large,Education,Jaffna,86,Manager,No,85.84168145084593,78.13,MEDIUM,Converted,1
LEAD_0256,Large,Education,Kurunegala,100,Employee,No,90.41498594973906,78.1,MEDIUM,Converted,1
LEAD_0845,Medium,IT/Software,Jaffna,92,Manager,Yes,91.9996147199501,78.07,MEDIUM,Converted,1
LEAD_0908,Large,Retail,Kandy,93,Manager,No,90.03182604912845,78.06,MEDIUM,Converted,1
LEAD_0171,Large,Finance,Anuradhapura,71,C-Level,No,82.14534167759358,77.87,MEDIUM,Converted,1
LEAD_0556,Medium,Tourism,Galle,95,C-Level,No,82.35113779553119,77.86,MEDIUM,Converted,1
LEAD_0754,Large,Agriculture,Negombo,87,Employee,Yes,97.05931870688012,77.85,MEDIUM,Converted,1
LEAD_0906,Large,Tourism,Galle,70,C-Level,No,90.50870580821402,77.83,MEDIUM,Converted,1
LEAD_0991,Medium,Tourism,Anuradhapura,100,Employee,Yes,87.9463881940329,77.78,MEDIUM,Converted,1
LEAD_0305,Medium,Education,Negombo,76,C-Level,No,87.00186530093296,77.75,MEDIUM,Converted,1
LEAD_0020,Small,Finance,Kurunegala,85,C-Level,Yes,84.45622144864248,77.74,MEDIUM,Converted,1
LEAD_0420,Medium,Healthcare,Kandy,94,Employee,Yes,89.06885265211132,77.74,MEDIUM,Converted,1
LEAD_0931,Large,Healthcare,Galle,77,Manager,Yes,92.42063647243697,77.71,MEDIUM,Converted,1
LEAD_0605,Large,Finance,Galle,100,Employee,No,91.34540664791588,77.68,MEDIUM,Converted,1
LEAD_0509,Medium,Retail,Anuradhapura,100,Manager,Yes,81.61429965829502,77.68,MEDIUM,Converted,1
LEAD_0622,Small,Manufacturing,Kandy,100,Manager,Yes,87.26610696831483,77.64,MEDIUM,Converted,1
LEAD_0279,Large,Healthcare,Kurunegala,63,C-Level,No,89.27316687036753,77.59,MEDIUM,Converted,1
LEAD_0557,Medium,IT/Software,Colombo,99,Employee,Yes,87.42904211909487,77.59,MEDIUM,Converted,1
LEAD_0819,Large,Tourism,Negombo,89,Manager,No,76.96131174056931,77.54,MEDIUM,Converted,1
LEAD_0777,Large,Finance,Negombo,62,C-Level,No,84.9402709991623,77.52,MEDIUM,Converted,1
LEAD_0755,Medium,Finance,Jaffna,87,Manager,Yes,90.12005775787638,77.48,MEDIUM,Converted,1
LEAD_0576,Medium,Retail,Galle,100,Manager,Yes,82.83630533467048,77.46,MEDIUM,Converted,1
LEAD_0567,Medium,Retail,Anuradhapura,100,Manager,Yes,84.69411284576613,77.43,MEDIUM,Converted,1
LEAD_0087,Medium,Retail,Jaffna,100,C-Level,No,77.65388057584839,77.42,MEDIUM,Converted,1
LEAD_0423,Medium,Healthcare,Galle,75,C-Level,Yes,84.45738161424234,77.37,MEDIUM,Converted,1
LEAD_0597,Large,Retail,Colombo,100,Manager,No,78.26555120589592,77.35,MEDIUM,Converted,1
LEAD_0560,Medium,Education,Negombo,100,Manager,No,85.03909017801743,77.33,MEDIUM,Converted,1
LEAD_0732,Large,Agriculture,Negombo,76,Manager,Yes,96.70423656510111,77.29,MEDIUM,Converted,1
LEAD_0999,Medium,Healthcare,Kandy,94,Employee,Yes,89.95368564123764,77.27,MEDIUM,Converted,1
LEAD_0690,Medium,Agriculture,Colombo,82,C-Level,No,82.82130827244592,77.24,MEDIUM,Converted,1
LEAD_0601,Large,Manufacturing,Jaffna,100,Manager,No,72.62469587803628,77.03,MEDIUM,Converted,1
LEAD_0589,Large,Manufacturing,Anuradhapura,94,Manager,No,84.68819448020109,77.02,MEDIUM,Converted,1
LEAD_0337,Medium,Manufacturing,Kurunegala,85,C-Level,No,86.39505022443078,77.0,MEDIUM,Converted,1
LEAD_0886,Large,Education,Kurunegala,60,C-Level,No,93.5986478227105,76.89,MEDIUM,Converted,1
LEAD_0711,Medium,Tourism,Kurunegala,74,C-Level,Yes,87.49914157591896,76.87,MEDIUM,Converted,1
LEAD_0102,Large,Manufacturing,Negombo,86,Employee,Yes,94.51143287368856,76.84,MEDIUM,Converted,1
LEAD_0401,Medium,Finance,Kurunegala,100,Employee,Yes,86.0947102940823,76.81,MEDIUM,Converted,1
LEAD_0351,Large,Education,Colombo,64,C-Level,No,86.47874131446567,76.76,MEDIUM,Converted,1
LEAD_0744,Medium,Education,Kurunegala,100,Employee,Yes,90.7944801427672,76.75,MEDIUM,Converted,1
LEAD_0044,Medium,Education,Colombo,100,Manager,Yes,81.82838314632477,76.74,MEDIUM,Converted,1
LEAD_0247,Medium,Retail,Kurunegala,100,Employee,Yes,84.5323027760546,76.73,MEDIUM,Converted,1
LEAD_0878,Large,Education,Colombo,67,C-Level,No,88.67910482275776,76.72,MEDIUM,Converted,1
LEAD_0775,Medium,Education,Kurunegala,92,Employee,Yes,92.10731598917363,76.72,MEDIUM,Converted,1
LEAD_0260,Medium,Tourism,Kurunegala,100,Employee,Yes,91.8610881546531,76.72,MEDIUM,Converted,1
LEAD_0345,Medium,IT/Software,Galle,87,C-Level,No,85.21881647467934,76.69,MEDIUM,Converted,1
LEAD_0239,Medium,Agriculture,Anuradhapura,100,Employee,Yes,84.42504141571689,76.62,MEDIUM,Converted,1
LEAD_0210,Medium,Retail,Jaffna,88,Manager,Yes,89.8241635397253,76.59,MEDIUM,Converted,1
LEAD_0089,Medium,Education,Galle,89,C-Level,No,82.32545968496076,76.55,MEDIUM,Converted,1
LEAD_0964,Medium,Agriculture,Anuradhapura,92,C-Level,No,75.65439568921335,76.55,MEDIUM,Qualified,0
LEAD_0177,Large,Finance,Kandy,57,C-Level,No,93.41987709535726,76.51,MEDIUM,Converted,1
LEAD_0105,Small,Manufacturing,Jaffna,84,C-Level,Yes,86.44423088525063,76.5,MEDIUM,Converted,1
LEAD_0793,Medium,Tourism,Matara,84,C-Level,No,80.18941450776906,76.42,MEDIUM,Qualified,0
LEAD_0632,Medium,Healthcare,Negombo,100,Employee,Yes,91.85145027693632,76.41,MEDIUM,Converted,1
LEAD_0018,Small,Education,Matara,100,Manager,Yes,83.96977053720232,76.39,MEDIUM,Converted,1
LEAD_0666,Medium,IT/Software,Matara,87,Manager,Yes,85.7392503162571,76.37,MEDIUM,Converted,1
LEAD_0282,Large,Tourism,Kandy,66,C-Level,No,90.04007349623353,76.34,MEDIUM,Converted,1
LEAD_0855,Large,Education,Jaffna,99,Employee,No,82.39095639639264,76.34,MEDIUM,Converted,1
LEAD_0502,Small,IT/Software,Colombo,100,Manager,Yes,84.85958889500623,76.29,MEDIUM,Converted,1
LEAD_0839,Large,Tourism,Kurunegala,82,Manager,No,81.82210193346954,76.29,MEDIUM,Converted,1
LEAD_0400,Large,Healthcare,Kandy,87,Manager,No,75.30313906439336,76.25,MEDIUM,Converted,1
LEAD_0689,Large,Manufacturing,Anuradhapura,63,C-Level,Yes,92.02292840226576,76.22,MEDIUM,Converted,1
LEAD_0654,Medium,Retail,Colombo,93,C-Level,No,76.57817697135087,76.21,MEDIUM,Qualified,0
LEAD_0304,Medium,Finance,Kurunegala,83,C-Level,No,81.23541347145202,76.19,MEDIUM,Qualified,0
LEAD_0997,Medium,Education,Jaffna,93,Employee,Yes,92.06948804378293,76.06,MEDIUM,Converted,1
LEAD_0677,Medium,Education,Galle,98,Employee,Yes,88.44870498936173,76.06,MEDIUM,Converted,1
LEAD_0129,Large,Education,Matara,55,C-Level,No,91.91400589231063,75.96,MEDIUM,Converted,1
LEAD_0679,Medium,Manufacturing,Galle,80,C-Level,No,80.81366569054872,75.9,MEDIUM,Converted,1
LEAD_0168,Medium,Manufacturing,Kandy,83,C-Level,No,84.12979511750231,75.85,MEDIUM,Converted,1
LEAD_0339,Small,Retail,Jaffna,100,Manager,Yes,81.21800320379695,75.84,MEDIUM,Converted,1
LEAD_0888,Large,Finance,Matara,85,Manager,No,77.15260577445576,75.82,MEDIUM,Converted,1
LEAD_0083,Large,Manufacturing,Negombo,79,Manager,No,83.58216856024512,75.79,MEDIUM,Converted,1
LEAD_0857,Small,Healthcare,Colombo,83,C-Level,Yes,84.93173795727952,75.79,MEDIUM,Converted,1
LEAD_0736,Medium,Tourism,Kurunegala,100,C-Level,No,75.19299281485483,75.73,MEDIUM,Converted,1
LEAD_0718,Small,Manufacturing,Galle,100,Manager,Yes,81.66770987630477,75.54,MEDIUM,Demo/Trial,0
LEAD_0875,Small,IT/Software,Negombo,100,C-Level,No,75.99420435485644,75.54,MEDIUM,Converted,1
LEAD_0600,Medium,Healthcare,Anuradhapura,100,Employee,Yes,88.8810034657622,75.53,MEDIUM,Converted,1
LEAD_0987,Large,IT/Software,Kurunegala,81,Employee,Yes,95.53318958522541,75.53,MEDIUM,Converted,1
LEAD_0074,Medium,Education,Kandy,100,Employee,Yes,90.04377235169984,75.51,MEDIUM,Converted,1
LEAD_0473,Large,Agriculture,Colombo,62,C-Level,No,84.55565073396316,75.51,MEDIUM,Converted,1
LEAD_0485,Small,Manufacturing,Anuradhapura,100,C-Level,Yes,76.96518362737771,75.5,MEDIUM,Converted,1
LEAD_0346,Medium,Finance,Colombo,87,C-Level,No,78.81607567551276,75.47,MEDIUM,Converted,1
LEAD_0675,Medium,Finance,Kurunegala,100,Manager,No,83.30829091111055,75.42,MEDIUM,Converted,1
LEAD_0288,Medium,Agriculture,Jaffna,100,Employee,Yes,83.80385872424674,75.41,MEDIUM,Converted,1
LEAD_0164,Large,Agriculture,Negombo,88,Employee,No,83.23109965755123,75.38,MEDIUM,Converted,1
LEAD_0608,Large,Tourism,Kurunegala,100,Employee,No,75.34409154464731,75.37,MEDIUM,Qualified,0
LEAD_0787,Medium,Tourism,Negombo,92,Employee,Yes,89.07356760637991,75.33,MEDIUM,Converted,1
LEAD_0461,Small,IT/Software,Jaffna,100,Manager,Yes,83.74789307447746,75.28,MEDIUM,Converted,1
LEAD_0276,Medium,Healthcare,Galle,92,Employee,Yes,86.21942997001271,75.28,MEDIUM,Converted,1
LEAD_0899,Medium,Healthcare,Matara,91,Employee,Yes,89.75221091435616,75.27,MEDIUM,Converted,1
LEAD_0995,Medium,Education,Anuradhapura,70,C-Level,Yes,82.34769452469631,75.27,MEDIUM,Converted,1
LEAD_0132,Medium,IT/Software,Kurunegala,100,Employee,Yes,88.53077297629332,75.24,MEDIUM,Converted,1
LEAD_0647,Small,Manufacturing,Kandy,100,Manager,Yes,79.36306193741198,75.16,MEDIUM,Converted,1
LEAD_0910,Large,Education,Matara,56,C-Level,No,83.89590137854101,75.16,MEDIUM,Converted,1
LEAD_0027,Medium,Healthcare,Jaffna,85,C-Level,No,77.1647338164427,75.14,MEDIUM,Qualified,0
LEAD_0951,Large,Finance,Negombo,73,Manager,No,80.03534483499344,75.11,MEDIUM,Converted,1
LEAD_0830,Medium,Education,Kandy,79,Manager,Yes,87.12849707024132,74.97,MEDIUM,Converted,1
LEAD_0553,Small,Agriculture,Galle,93,Manager,Yes,84.67109289336781,74.92,MEDIUM,Converted,1
LEAD_0201,Small,Finance,Negombo,100,Manager,Yes,82.63579781487812,74.84,MEDIUM,Converted,1
LEAD_0742,Small,Agriculture,Negombo,100,C-Level,No,74.56521452271878,74.75,MEDIUM,Converted,1
LEAD_0098,Large,Agriculture,Negombo,52,C-Level,No,86.30368708690426,74.75,MEDIUM,Converted,1
LEAD_0555,Small,Agriculture,Matara,100,C-Level,No,74.6744344372941,74.72,MEDIUM,Qualified,0
LEAD_0386,Large,Retail,Kandy,63,C-Level,No,89.95034125082321,74.69,MEDIUM,Converted,1
LEAD_0542,Medium,IT/Software,Jaffna,83,C-Level,No,76.47837847706332,74.67,MEDIUM,Converted,1
LEAD_0230,Medium,Retail,Kurunegala,76,C-Level,No,81.05322084364141,74.66,MEDIUM,Converted,1
LEAD_0929,Medium,Finance,Jaffna,100,Employee,Yes,87.71478789257651,74.57,MEDIUM,Converted,1
LEAD_0377,Small,Finance,Matara,94,Manager,Yes,83.30431291483154,74.55,MEDIUM,Converted,1
LEAD_0821,Small,Manufacturing,Negombo,100,C-Level,No,75.41616006133833,74.4,MEDIUM,Converted,1
LEAD_0928,Medium,Education,Colombo,94,Employee,Yes,86.91889178554669,74.35,MEDIUM,Converted,1
LEAD_0852,Small,Education,Negombo,100,Employee,Yes,87.30857982951413,74.34,MEDIUM,Demo/Trial,0
LEAD_0257,Medium,Healthcare,Anuradhapura,79,C-Level,No,81.95286441308023,74.33,MEDIUM,Converted,1
LEAD_0611,Small,Agriculture,Anuradhapura,100,Manager,Yes,81.42771569657606,74.32,MEDIUM,Converted,1
LEAD_0195,Medium,Education,Matara,96,Manager,No,79.23981713249886,74.28,MEDIUM,Converted,1
LEAD_0846,Medium,IT/Software,Anuradhapura,89,C-Level,No,70.7679419251213,74.25,MEDIUM,Qualified,0
LEAD_0965,Large,Healthcare,Matara,88,Employee,No,85.60677482531513,74.18,MEDIUM,Converted,1
LEAD_0916,Small,Manufacturing,Matara,100,C-Level,No,71.97291130231683,74.17,MEDIUM,Converted,1
LEAD_0507,Small,Retail,Galle,100,Manager,Yes,81.04635072583281,74.17,MEDIUM,Converted,1
LEAD_0592,Medium,Retail,Anuradhapura,100,Employee,Yes,83.37424474406096,74.14,MEDIUM,Converted,1
LEAD_0752,Large,Tourism,Kurunegala,90,Employee,No,86.92903818137322,74.1,MEDIUM,Converted,1
LEAD_0421,Large,Agriculture,Jaffna,69,Manager,Yes,93.48210017307903,74.05,MEDIUM,Converted,1
LEAD_0034,Large,Retail,Colombo,100,Manager,No,68.59195595881903,74.04,MEDIUM,Qualified,0
LEAD_0311,Medium,IT/Software,Matara,83,Manager,Yes,89.5561005537334,74.04,MEDIUM,Converted,1
LEAD_0882,Large,IT/Software,Kandy,86,Employee,No,87.63381163367305,74.03,MEDIUM,Converted,1
LEAD_0976,Small,Finance,Kurunegala,100,Manager,Yes,79.84863707831354,74.01,MEDIUM,Converted,1
LEAD_0890,Large,Manufacturing,Galle,100,Manager,No,64.61941154744649,74.0,MEDIUM,Qualified,0
LEAD_0240,Small,Healthcare,Kurunegala,100,Manager,Yes,77.4742195163042,73.92,MEDIUM,Converted,1
LEAD_0352,Large,Education,Anuradhapura,81,Employee,Yes,90.99140606973572,73.87,MEDIUM,Converted,1
LEAD_0828,Medium,Agriculture,Kandy,100,Employee,Yes,78.58987242142796,73.85,MEDIUM,Converted,1
LEAD_0734,Medium,Education,Colombo,81,C-Level,No,74.82939135054377,73.84,MEDIUM,Qualified,0
LEAD_0494,Medium,IT/Software,Matara,69,C-Level,No,80.31165637948226,73.81,MEDIUM,Converted,1
LEAD_0250,Medium,Finance,Anuradhapura,69,C-Level,Yes,86.68233880151399,73.8,MEDIUM,Converted,1
LEAD_0967,Small,IT/Software,Anuradhapura,100,Manager,Yes,82.43678883634908,73.73,MEDIUM,Converted,1
LEAD_0835,Small,Retail,Negombo,100,Manager,Yes,77.7811315695029,73.61,MEDIUM,Converted,1
LEAD_0347,Small,Retail,Galle,100,Manager,Yes,78.17716952508786,73.58,MEDIUM,Converted,1
LEAD_0808,Large,Tourism,Colombo,52,C-Level,No,90.69486856689849,73.56,MEDIUM,Converted,1
LEAD_0069,Large,Tourism,Colombo,94,Employee,No,84.0658149538947,73.54,MEDIUM,Converted,1
LEAD_0383,Small,Finance,Galle,100,Manager,Yes,79.00646595718497,73.41,MEDIUM,Demo/Trial,0
LEAD_0261,Large,Tourism,Galle,100,Employee,No,80.73763179292388,73.4,MEDIUM,Converted,1
LEAD_0657,Medium,Tourism,Colombo,100,C-Level,No,67.37611525479188,73.31,MEDIUM,Converted,1
LEAD_0119,Medium,IT/Software,Negombo,94,Manager,No,75.20794466596847,73.27,MEDIUM,Converted,1
LEAD_0237,Medium,Education,Matara,65,C-Level,No,81.11708490995362,73.26,MEDIUM,Converted,1
LEAD_0194,Small,Education,Negombo,100,C-Level,No,68.0037161376849,73.25,MEDIUM,Converted,1
LEAD_0336,Large,Healthcare,Matara,78,Manager,No,78.47840383236426,73.1,MEDIUM,Converted,1
LEAD_0789,Large,IT/Software,Galle,76,Employee,Yes,89.47962793665279,73.04,MEDIUM,Converted,1
LEAD_0868,Small,Education,Matara,100,Employee,Yes,81.26949115160406,72.99,MEDIUM,Converted,1
LEAD_0169,Medium,Retail,Anuradhapura,79,C-Level,No,76.53188109174395,72.97,MEDIUM,Converted,1
LEAD_0187,Large,Retail,Matara,87,Manager,No,67.9865092728441,72.92,MEDIUM,Converted,1
LEAD_0894,Large,Agriculture,Jaffna,70,Manager,No,83.2157754802521,72.9,MEDIUM,Converted,1
LEAD_0067,Small,Education,Kandy,100,Manager,Yes,75.85418299568093,72.84,MEDIUM,Converted,1
LEAD_0521,Medium,Tourism,Galle,100,Employee,Yes,84.90561064242965,72.77,MEDIUM,Converted,1
LEAD_0782,Small,Retail,Kandy,97,C-Level,No,71.97740380424034,72.66,MEDIUM,Converted,1
LEAD_0801,Small,Healthcare,Kurunegala,92,Manager,Yes,78.60656682251401,72.63,MEDIUM,Converted,1
LEAD_0404,Small,Education,Galle,100,Employee,Yes,80.57081596392123,72.59,MEDIUM,Converted,1
LEAD_0033,Small,Finance,Anuradhapura,100,Manager,Yes,79.60696140115992,72.59,MEDIUM,Converted,1
LEAD_0802,Small,Agriculture,Anuradhapura,100,Manager,Yes,77.9758886351829,72.51,MEDIUM,Converted,1
LEAD_0460,Medium,Agriculture,Kurunegala,68,C-Level,No,81.09998564754835,72.5,MEDIUM,Converted,1
LEAD_0924,Small,IT/Software,Kurunegala,98,Employee,Yes,84.81465397174321,72.47,MEDIUM,Converted,1
LEAD_0167,Small,IT/Software,Matara,100,C-Level,No,71.28306507202392,72.44,MEDIUM,Converted,1
LEAD_0547,Large,Healthcare,Kandy,55,C-Level,No,77.17566864316431,72.37,MEDIUM,Converted,1
LEAD_0159,Medium,Healthcare,Kurunegala,89,Manager,No,78.9656309439626,72.31,MEDIUM,Converted,1
LEAD_0334,Small,Healthcare,Matara,100,C-Level,No,66.05532554391806,72.26,MEDIUM,Converted,1
LEAD_0262,Large,Retail,Matara,51,C-Level,Yes,83.5440796338192,72.26,MEDIUM,Converted,1
LEAD_0029,Medium,Education,Jaffna,64,C-Level,Yes,79.23090148847682,72.05,MEDIUM,Converted,1
LEAD_0038,Small,Agriculture,Anuradhapura,99,C-Level,No,68.91728871570781,72.05,MEDIUM,Converted,1
LEAD_0863,Large,IT/Software,Jaffna,75,Employee,Yes,92.1525192902589,72.04,MEDIUM,Converted,1
LEAD_0836,Medium,Manufacturing,Negombo,67,C-Level,No,78.3537179964312,72.03,MEDIUM,Converted,1
LEAD_0575,Medium,Education,Kandy,87,Employee,Yes,89.5256401753894,71.99,MEDIUM,Converted,1
LEAD_0432,Medium,Education,Kurunegala,76,Manager,Yes,84.92561172652827,71.99,MEDIUM,Converted,1
LEAD_0297,Medium,Healthcare,Galle,69,C-Level,No,81.2964469844458,71.93,MEDIUM,Converted,1
LEAD_0144,Large,Retail,Colombo,88,Manager,No,67.46401199868612,71.83,MEDIUM,Qualified,0
LEAD_0484,Small,Agriculture,Kurunegala,85,C-Level,No,72.79453846967417,71.81,MEDIUM,Qualified,0
LEAD_0595,Large,Tourism,Colombo,57,C-Level,No,86.24669047357783,71.81,MEDIUM,Converted,1
LEAD_0104,Small,Agriculture,Colombo,93,Manager,Yes,77.50445426000793,71.8,MEDIUM,Converted,1
LEAD_0326,Small,Education,Galle,100,C-Level,No,69.23465502287196,71.78,MEDIUM,Converted,1
LEAD_0506,Small,Education,Colombo,100,Employee,Yes,82.48394479885248,71.76,MEDIUM,Converted,1
LEAD_0438,Large,Agriculture,Matara,42,C-Level,No,91.28707898558206,71.73,MEDIUM,Converted,1
LEAD_0501,Large,Agriculture,Anuradhapura,96,Employee,No,68.13715074498273,71.73,MEDIUM,Converted,1
LEAD_0858,Small,Finance,Jaffna,100,Manager,Yes,74.34940154678725,71.65,MEDIUM,Converted,1
LEAD_0760,Small,Manufacturing,Negombo,100,Employee,Yes,79.17517933324272,71.63,MEDIUM,Demo/Trial,0
LEAD_0756,Large,IT/Software,Kurunegala,78,Employee,No,90.29877342061022,71.6,MEDIUM,Converted,1
LEAD_0900,Medium,Finance,Matara,70,C-Level,No,81.39754037745297,71.59,MEDIUM,Converted,1
LEAD_0696,Medium,Finance,Negombo,83,Employee,Yes,87.82212505944584,71.56,MEDIUM,Converted,1
LEAD_0016,Small,IT/Software,Kandy,100,Employee,Yes,81.90218677308557,71.55,MEDIUM,Converted,1
LEAD_0949,Medium,Agriculture,Negombo,82,Employee,Yes,86.11209496601451,71.52,MEDIUM,Converted,1
LEAD_0574,Small,Education,Jaffna,93,C-Level,No,67.67260762067585,71.38,MEDIUM,Converted,1
LEAD_0580,Medium,Education,Jaffna,99,Manager,No,68.13983215257538,71.24,MEDIUM,Converted,1
LEAD_0887,Large,Retail,Anuradhapura,76,Employee,Yes,78.5022098093947,71.22,MEDIUM,Converted,1
LEAD_0725,Large,Tourism,Jaffna,100,Employee,No,70.80687873052433,71.19,MEDIUM,Converted,1
LEAD_0804,Large,Agriculture,Galle,54,C-Level,No,77.33506316416725,71.09,MEDIUM,Qualified,0
LEAD_0618,Medium,Retail,Matara,82,Employee,Yes,88.02003086217552,71.06,MEDIUM,Converted,1
LEAD_0387,Small,Healthcare,Galle,100,Manager,Yes,71.98167034831933,71.06,MEDIUM,Converted,1
LEAD_0088,Large,Agriculture,Negombo,79,Employee,No,88.1987917397977,71.03,MEDIUM,Converted,1
LEAD_0382,Large,Finance,Negombo,58,Manager,Yes,91.87485039595374,70.98,MEDIUM,Demo/Trial,0
LEAD_0478,Medium,Agriculture,Matara,74,Manager,Yes,80.80277816891623,70.95,MEDIUM,Converted,1
LEAD_0380,Small,Manufacturing,Negombo,100,Employee,Yes,81.35078705141937,70.93,MEDIUM,Converted,1
LEAD_0007,Small,Finance,Colombo,100,Manager,Yes,74.15304051732105,70.86,MEDIUM,Converted,1
LEAD_0046,Large,Finance,Jaffna,68,Manager,No,87.4080153762816,70.85,MEDIUM,Converted,1
LEAD_0127,Medium,IT/Software,Anuradhapura,80,C-Level,No,69.31145997591506,70.85,MEDIUM,Converted,1
LEAD_0941,Large,Manufacturing,Matara,81,Employee,No,79.03905025342203,70.78,MEDIUM,Qualified,0
LEAD_0664,Large,IT/Software,Kurunegala,71,Employee,Yes,83.65571015086798,70.75,MEDIUM,Converted,1
LEAD_0593,Small,Retail,Galle,100,C-Level,No,63.18308825644857,70.7,MEDIUM,Qualified,0
LEAD_0659,Small,Agriculture,Jaffna,100,C-Level,No,66.32946478478864,70.62,MEDIUM,Converted,1
LEAD_0658,Large,Agriculture,Jaffna,90,Employee,No,68.97286111462503,70.41,MEDIUM,Qualified,0
LEAD_0566,Large,Finance,Negombo,71,Employee,No,91.55247117049738,70.37,MEDIUM,Converted,1
LEAD_0001,Medium,Agriculture,Kandy,87,Manager,No,73.03731559782916,70.34,MEDIUM,Converted,1
LEAD_0880,Small,Agriculture,Galle,100,C-Level,No,63.071808761655156,70.31,MEDIUM,Qualified,0
LEAD_0671,Small,Retail,Negombo,94,Employee,Yes,81.71277176418629,70.28,MEDIUM,Converted,1
LEAD_0979,Large,Tourism,Colombo,74,Manager,No,77.41506272043274,70.21,MEDIUM,Converted,1
LEAD_0969,Medium,Manufacturing,Jaffna,100,Manager,No,69.51594520392035,70.16,MEDIUM,Converted,1
LEAD_0497,Large,Tourism,Galle,56,C-Level,No,73.03262987381987,70.12,MEDIUM,Converted,1
LEAD_0012,Small,IT/Software,Galle,91,Manager,Yes,75.70616349417817,70.11,MEDIUM,Converted,1
LEAD_0202,Medium,Manufacturing,Colombo,74,C-Level,No,75.2243749891537,70.08,MEDIUM,Converted,1
LEAD_0827,Large,Manufacturing,Kurunegala,80,Employee,No,86.17628068738918,70.08,MEDIUM,Converted,1
LEAD_0505,Medium,Finance,Matara,65,C-Level,No,75.06588310617927,70.03,MEDIUM,Converted,1
LEAD_0781,Small,Manufacturing,Galle,100,Manager,Yes,73.50598665175288,69.98,MEDIUM,Converted,1
LEAD_0700,Small,Education,Jaffna,100,C-Level,No,63.91014713338272,69.93,MEDIUM,Converted,1
LEAD_0973,Medium,Tourism,Anuradhapura,89,Employee,Yes,82.03871716576165,69.93,MEDIUM,Converted,1
LEAD_0188,Small,Agriculture,Jaffna,97,Employee,Yes,78.89010006992162,69.92,MEDIUM,Converted,1
LEAD_0283,Medium,Finance,Matara,81,Employee,Yes,85.24753593365266,69.87,MEDIUM,Converted,1
LEAD_0341,Medium,Finance,Matara,60,C-Level,No,80.93953817275545,69.85,MEDIUM,Converted,1
LEAD_0617,Small,IT/Software,Kurunegala,100,Employee,Yes,78.92703665650089,69.77,MEDIUM,Converted,1
LEAD_0014,Small,IT/Software,Kandy,100,Employee,Yes,75.81265925004908,69.75,MEDIUM,Converted,1
LEAD_0565,Medium,Finance,Kurunegala,62,C-Level,No,80.53437098159618,69.75,MEDIUM,Converted,1
LEAD_0891,Small,IT/Software,Jaffna,100,Employee,Yes,76.21840140576842,69.72,MEDIUM,Demo/Trial,0
LEAD_0686,Large,Tourism,Colombo,100,Employee,No,68.7900397971709,69.72,MEDIUM,Converted,1
LEAD_0730,Small,Tourism,Kandy,100,Employee,Yes,74.52223439985305,69.62,MEDIUM,Converted,1
LEAD_0800,Large,Manufacturing,Jaffna,61,Manager,No,86.66856864870785,69.41,MEDIUM,Converted,1
LEAD_0367,Medium,IT/Software,Colombo,98,Manager,No,65.47484192901938,69.39,MEDIUM,Converted,1
LEAD_0314,Medium,Retail,Kurunegala,64,C-Level,No,75.18671916296638,69.39,MEDIUM,Converted,1
LEAD_0052,Medium,Healthcare,Jaffna,92,Manager,No,73.50942486282409,69.39,MEDIUM,Converted,1
LEAD_0578,Small,IT/Software,Colombo,100,C-Level,No,62.64749160354195,69.38,MEDIUM,Converted,1
LEAD_0554,Small,Healthcare,Colombo,88,C-Level,No,68.38188881476441,69.38,MEDIUM,Converted,1
LEAD_0673,Medium,Retail,Galle,100,Manager,No,70.32801959118903,69.34,LOW,Converted,1
LEAD_0232,Medium,Healthcare,Negombo,100,Employee,No,75.1362151272885,69.27,LOW,Converted,1
LEAD_0490,Medium,Agriculture,Kandy,88,Manager,No,74.70919855220002,69.2,LOW,Converted,1
LEAD_0455,Large,Agriculture,Galle,83,Employee,No,75.208062128921,69.18,LOW,Converted,1
LEAD_0955,Medium,IT/Software,Kandy,97,Manager,No,70.88043303329829,69.17,LOW,Converted,1
LEAD_0116,Medium,Tourism,Negombo,86,Manager,No,78.35046394112972,69.15,LOW,Qualified,0
LEAD_0025,Medium,Healthcare,Jaffna,100,Manager,No,68.8909114006398,69.09,LOW,Converted,1
LEAD_0115,Small,IT/Software,Kurunegala,100,Manager,Yes,67.96658214763659,69.04,LOW,Demo/Trial,0
LEAD_0840,Large,Healthcare,Matara,86,Employee,No,68.48240439684338,68.98,LOW,Converted,1
LEAD_0353,Small,Finance,Galle,88,C-Level,No,65.58041024198909,68.97,LOW,Converted,1
LEAD_0366,Medium,Education,Colombo,62,C-Level,Yes,75.75287404119922,68.97,LOW,Converted,1
LEAD_0992,Small,Tourism,Negombo,100,Manager,Yes,71.33743667705309,68.92,LOW,Converted,1
LEAD_0464,Small,Healthcare,Matara,83,C-Level,No,72.26367274824217,68.88,LOW,Converted,1
LEAD_0108,Medium,Finance,Kandy,59,C-Level,No,80.25795870245,68.87,LOW,Converted,1
LEAD_0610,Medium,Agriculture,Galle,79,Employee,Yes,83.28215865196822,68.87,LOW,Converted,1
LEAD_0193,Small,Tourism,Negombo,85,C-Level,No,66.20880599971707,68.84,LOW,Qualified,0
LEAD_0811,Small,IT/Software,Kandy,100,C-Level,No,64.43439653035877,68.8,LOW,Converted,1
LEAD_0604,Small,Healthcare,Negombo,67,C-Level,Yes,75.97442635585242,68.73,LOW,Converted,1
LEAD_0791,Small,Tourism,Kurunegala,95,C-Level,No,61.08529357141946,68.66,LOW,Converted,1
LEAD_0780,Large,Education,Kandy,63,Manager,No,77.61095227651607,68.65,LOW,Converted,1
LEAD_0047,Small,Finance,Colombo,100,Employee,Yes,72.5256560049714,68.56,LOW,Converted,1
LEAD_0301,Small,Tourism,Matara,82,C-Level,No,67.11638108031055,68.5,LOW,Converted,1
LEAD_0200,Small,Finance,Jaffna,100,Manager,Yes,71.44287620187896,68.33,LOW,Converted,1
LEAD_0482,Small,Tourism,Anuradhapura,100,C-Level,No,60.229542066773824,68.31,LOW,Qualified,0
LEAD_0294,Small,IT/Software,Galle,100,Employee,Yes,73.79649179247052,68.27,LOW,Converted,1
LEAD_0621,Small,Education,Kandy,100,C-Level,No,59.36993906108785,68.26,LOW,Converted,1
LEAD_0990,Large,Tourism,Jaffna,74,Manager,No,66.05436956392406,68.18,LOW,Converted,1
LEAD_0715,Large,IT/Software,Kandy,78,Employee,No,72.61493832729636,68.16,LOW,Converted,1
LEAD_0303,Small,Manufacturing,Kurunegala,85,C-Level,No,66.96985756001351,68.13,LOW,Converted,1
LEAD_0613,Small,Healthcare,Galle,98,Employee,Yes,76.18186292288861,68.08,LOW,Converted,1
LEAD_0927,Large,IT/Software,Matara,80,Employee,No,67.45165036786986,67.89,LOW,Converted,1
LEAD_0032,Small,IT/Software,Colombo,100,Employee,Yes,76.2573440084627,67.89,LOW,Converted,1
LEAD_0495,Medium,Healthcare,Negombo,84,Manager,No,73.19538482682665,67.82,LOW,Converted,1
LEAD_0271,Small,Education,Matara,100,Employee,Yes,73.89705299462797,67.8,LOW,Converted,1
LEAD_0054,Small,Retail,Jaffna,100,Manager,Yes,66.76264744832194,67.79,LOW,Converted,1
LEAD_0698,Medium,Agriculture,Anuradhapura,85,Manager,No,76.47994883509956,67.78,LOW,Qualified,0
LEAD_0947,Small,Manufacturing,Jaffna,96,C-Level,No,58.52784134315575,67.61,LOW,Converted,1
LEAD_0013,Small,Agriculture,Galle,89,C-Level,No,65.40645159391988,67.58,LOW,Converted,1
LEAD_0395,Small,Education,Colombo,85,C-Level,No,68.7596942513646,67.57,LOW,Converted,1
LEAD_0004,Small,Tourism,Colombo,100,C-Level,No,56.953505589455574,67.55,LOW,Converted,1
LEAD_0970,Small,Finance,Negombo,100,Employee,Yes,70.17115663615073,67.5,LOW,Converted,1
LEAD_0092,Medium,Tourism,Anuradhapura,59,C-Level,Yes,73.96795960559113,67.35,LOW,Converted,1
LEAD_0183,Large,Education,Kandy,45,C-Level,No,69.704236377402,67.32,LOW,Converted,1
LEAD_0207,Small,Finance,Kurunegala,88,Employee,Yes,76.66804200428307,67.29,LOW,Converted,1
LEAD_0564,Medium,Tourism,Anuradhapura,92,Manager,No,69.74897553990816,67.28,LOW,Converted,1
LEAD_0162,Small,Retail,Anuradhapura,97,C-Level,No,58.12088371902252,67.27,LOW,Converted,1
LEAD_0186,Small,IT/Software,Negombo,83,Manager,Yes,72.66879088663927,67.19,LOW,Converted,1
LEAD_0627,Medium,IT/Software,Kandy,84,Manager,No,69.7971476691548,67.18,LOW,Converted,1
LEAD_0680,Medium,Agriculture,Jaffna,85,Manager,No,68.61813180498856,67.18,LOW,Converted,1
LEAD_0943,Large,Retail,Kandy,68,Manager,No,75.38629320685877,67.15,LOW,Converted,1
LEAD_0178,Large,Manufacturing,Anuradhapura,48,C-Level,No,78.45135405601808,67.12,LOW,Converted,1
LEAD_0986,Large,Agriculture,Colombo,86,Employee,No,63.311065628460895,67.12,LOW,Converted,1
LEAD_0794,Large,Retail,Negombo,62,Employee,Yes,89.58122536469641,67.07,LOW,Converted,1
LEAD_0145,Large,Finance,Galle,75,Employee,No,72.69153523475542,67.05,LOW,Converted,1
LEAD_0146,Small,Retail,Kurunegala,89,Employee,Yes,78.16323247849792,67.05,LOW,Converted,1
LEAD_0306,Medium,Manufacturing,Galle,58,C-Level,Yes,79.38291843644814,67.0,LOW,Converted,1
LEAD_0668,Medium,Healthcare,Galle,100,Manager,No,66.12121877476282,66.96,LOW,Qualified,0
LEAD_0942,Medium,Agriculture,Negombo,72,Manager,No,78.37677720865655,66.82,LOW,Converted,1
LEAD_0681,Medium,Retail,Colombo,100,Manager,No,59.79635870234523,66.81,LOW,Converted,1
LEAD_0901,Large,Manufacturing,Matara,75,Employee,No,74.34009869572844,66.63,LOW,Converted,1
LEAD_0581,Small,Retail,Jaffna,81,C-Level,No,69.51429976295528,66.6,LOW,Converted,1
LEAD_0142,Small,Tourism,Matara,100,C-Level,No,59.20531801006198,66.58,LOW,Converted,1
LEAD_0766,Medium,Finance,Negombo,100,Employee,No,63.77695060298558,66.47,LOW,Converted,1
LEAD_0519,Large,Tourism,Anuradhapura,77,Employee,No,78.59814874103559,66.42,LOW,Converted,1
LEAD_0258,Medium,Retail,Kurunegala,55,C-Level,No,75.39859643993448,66.41,LOW,Converted,1
LEAD_0861,Large,Manufacturing,Kurunegala,62,Manager,Yes,67.74307440116374,66.4,LOW,Converted,1
LEAD_0477,Large,Retail,Anuradhapura,69,Manager,No,74.06035149826906,66.36,LOW,Qualified,0
LEAD_0626,Small,Manufacturing,Kurunegala,75,C-Level,No,69.69134644837683,66.21,LOW,Converted,1
LEAD_0708,Medium,Education,Colombo,60,C-Level,No,70.12819464472393,66.12,LOW,Converted,1
LEAD_0255,Small,Manufacturing,Anuradhapura,100,Manager,Yes,62.339836446392795,66.08,LOW,Converted,1
LEAD_0361,Small,Healthcare,Kandy,100,Employee,Yes,69.26888655573535,66.04,LOW,Converted,1
LEAD_0384,Large,Healthcare,Jaffna,64,Employee,Yes,82.33132727206961,65.99,LOW,Converted,1
LEAD_0663,Small,Finance,Kandy,81,C-Level,No,66.07440528006559,65.9,LOW,Converted,1
LEAD_0548,Small,Retail,Kandy,89,C-Level,No,59.345591164309084,65.86,LOW,Converted,1
LEAD_0641,Medium,Education,Jaffna,87,Manager,No,64.90628322118532,65.85,LOW,Qualified,0
LEAD_0385,Medium,Finance,Negombo,65,Manager,Yes,74.07826823996663,65.79,LOW,Converted,1
LEAD_0208,Small,Manufacturing,Matara,78,C-Level,No,69.18119161029456,65.78,LOW,Qualified,0
LEAD_0832,Small,Finance,Kandy,100,C-Level,No,54.955140224050815,65.57,LOW,Converted,1
LEAD_0085,Medium,Finance,Matara,49,C-Level,No,75.74249882243627,65.56,LOW,Converted,1
LEAD_0874,Small,IT/Software,Anuradhapura,84,Manager,Yes,69.64720409205744,65.52,LOW,Converted,1
LEAD_0376,Large,Agriculture,Jaffna,57,Manager,Yes,73.12882738735111,65.46,LOW,Converted,1
LEAD_0451,Small,Retail,Galle,100,Employee,Yes,71.15937321634034,65.37,LOW,Demo/Trial,0
LEAD_0248,Large,Retail,Matara,37,C-Level,No,75.2584791646287,65.32,LOW,Converted,1
LEAD_0228,Small,Education,Negombo,100,Manager,No,59.66697169323164,65.25,LOW,Converted,1
LEAD_0381,Small,Tourism,Anuradhapura,92,C-Level,No,60.81790246960441,65.17,LOW,Converted,1
LEAD_0422,Large,Agriculture,Anuradhapura,53,Manager,No,77.39269515608514,65.17,LOW,Converted,1
LEAD_0277,Medium,Agriculture,Matara,100,Employee,No,67.60187638854504,65.05,LOW,Converted,1
LEAD_0010,Large,IT/Software,Galle,78,Manager,No,57.117326355399236,64.99,LOW,Qualified,0
LEAD_0392,Medium,Healthcare,Kurunegala,85,Employee,No,76.25162321715598,64.94,LOW,Converted,1
LEAD_0493,Small,Healthcare,Matara,83,Employee,Yes,73.39658671678269,64.84,LOW,Converted,1
LEAD_0281,Large,Finance,Colombo,75,Employee,No,65.12813372716838,64.78,LOW,Converted,1
LEAD_0363,Medium,Manufacturing,Kandy,64,Manager,Yes,79.98917686706324,64.56,LOW,Converted,1
LEAD_0147,Large,Finance,Anuradhapura,62,Employee,No,82.91749629138816,64.42,LOW,Engaged,0
LEAD_0758,Medium,Manufacturing,Anuradhapura,100,Employee,No,68.14468551322544,64.36,LOW,Converted,1
LEAD_0569,Large,Retail,Negombo,54,Manager,No,72.41079207017262,64.34,LOW,Converted,1
LEAD_0683,Small,Retail,Jaffna,89,C-Level,No,57.983320860947444,64.34,LOW,Converted,1
LEAD_0767,Small,Education,Galle,79,C-Level,No,65.47825750110746,64.19,LOW,Converted,1
LEAD_0454,Medium,Education,Negombo,64,Manager,Yes,78.80037222322244,64.19,LOW,Converted,1
LEAD_0075,Medium,Retail,Kandy,87,Manager,No,65.92207232122246,64.17,LOW,Converted,1
LEAD_0082,Medium,Retail,Colombo,87,Manager,No,59.325018554681485,64.16,LOW,Qualified,0
LEAD_0468,Medium,Finance,Kurunegala,73,Manager,No,73.19182854080314,64.04,LOW,Converted,1
LEAD_0816,Large,Healthcare,Matara,55,Employee,No,86.38974499151922,64.02,LOW,Converted,1
LEAD_0739,Small,Manufacturing,Matara,95,Manager,No,63.83352489059724,64.0,LOW,Converted,1
LEAD_0234,Small,IT/Software,Matara,77,C-Level,No,64.83377595193909,63.99,LOW,Qualified,0
LEAD_0209,Large,Education,Kurunegala,56,Manager,No,72.01125687168991,63.99,LOW,Qualified,0
LEAD_0211,Small,Finance,Colombo,85,C-Level,No,60.2460214427893,63.98,LOW,Converted,1
LEAD_0530,Medium,Healthcare,Anuradhapura,91,Manager,No,61.025276696312226,63.95,LOW,Converted,1
LEAD_0737,Small,Finance,Galle,82,C-Level,No,58.984676964249374,63.95,LOW,Converted,1
LEAD_0937,Small,Healthcare,Galle,86,Employee,Yes,72.69421064839578,63.9,LOW,Converted,1
LEAD_0820,Large,IT/Software,Colombo,86,Employee,No,59.87146122864384,63.9,LOW,Converted,1
LEAD_0238,Large,IT/Software,Kandy,58,Employee,Yes,81.34190212668761,63.89,LOW,Converted,1
LEAD_0476,Medium,Finance,Jaffna,100,Employee,No,63.21116348051727,63.8,LOW,Converted,1
LEAD_0114,Large,Education,Matara,53,Employee,No,80.39518736971287,63.76,LOW,Converted,1
LEAD_0166,Small,IT/Software,Colombo,80,C-Level,No,62.6672361370495,63.69,LOW,Converted,1
LEAD_0066,Small,Manufacturing,Anuradhapura,80,C-Level,No,59.968135403500156,63.66,LOW,Converted,1
LEAD_0503,Small,Education,Jaffna,90,Employee,Yes,73.05312605065512,63.64,LOW,Converted,1
LEAD_0843,Large,Healthcare,Colombo,55,Manager,No,71.68910685925786,63.58,LOW,Converted,1
LEAD_0753,Medium,Tourism,Kandy,72,Manager,No,72.70135158836746,63.43,LOW,Converted,1
LEAD_0160,Small,Tourism,Kandy,83,C-Level,No,61.28149454168208,63.38,LOW,Converted,1
LEAD_0719,Medium,Finance,Colombo,100,Employee,No,61.75640552092455,63.37,LOW,Converted,1
LEAD_0360,Large,Tourism,Kandy,54,Manager,No,77.89810256528689,63.31,LOW,Converted,1
LEAD_0185,Small,Education,Colombo,86,C-Level,No,60.457354151433066,63.27,LOW,Converted,1
LEAD_0022,Medium,Healthcare,Kurunegala,68,Manager,No,73.67917709454392,63.26,LOW,Converted,1
LEAD_0723,Medium,Tourism,Colombo,92,Employee,No,68.38272950693474,63.15,LOW,Converted,1
LEAD_0215,Small,Healthcare,Matara,74,C-Level,No,62.54673553900811,63.12,LOW,Converted,1
LEAD_0892,Large,IT/Software,Kandy,40,Manager,No,86.20155238828846,63.1,LOW,Converted,1
LEAD_0265,Small,Tourism,Matara,98,Manager,No,61.72302457487552,62.94,LOW,Converted,1
LEAD_0822,Medium,Finance,Negombo,58,Manager,Yes,73.84390118327802,62.87,LOW,Converted,1
LEAD_0037,Large,Tourism,Galle,63,Employee,Yes,80.49483834752826,62.84,LOW,Converted,1
LEAD_0242,Medium,Healthcare,Jaffna,100,Employee,No,59.196531005606865,62.81,LOW,Qualified,0
LEAD_0826,Small,Finance,Negombo,100,Manager,No,56.779712401929906,62.8,LOW,Converted,1
LEAD_0286,Medium,Manufacturing,Negombo,87,Employee,No,63.37565760504247,62.68,LOW,Qualified,0
LEAD_0249,Large,Tourism,Anuradhapura,63,Employee,Yes,76.51195575085443,62.67,LOW,Converted,1
LEAD_0491,Large,Agriculture,Galle,64,Employee,Yes,65.1178069296986,62.65,LOW,Converted,1
LEAD_0842,Medium,IT/Software,Colombo,84,Manager,No,59.34411757270216,62.55,LOW,Converted,1
LEAD_0076,Small,IT/Software,Matara,97,Manager,No,61.15920503782766,62.44,LOW,Converted,1
LEAD_0272,Large,Tourism,Galle,72,Employee,No,62.774646625144904,62.39,LOW,Converted,1
LEAD_0253,Medium,Healthcare,Galle,57,C-Level,No,69.42682459361544,62.34,LOW,Converted,1
LEAD_0691,Small,Healthcare,Negombo,57,C-Level,No,71.72318929671225,62.25,LOW,Engaged,0
LEAD_0359,Small,IT/Software,Kandy,79,C-Level,No,59.17157503724173,62.24,LOW,Converted,1
LEAD_0130,Small,Manufacturing,Kurunegala,77,C-Level,No,58.98744389118714,62.2,LOW,Qualified,0
LEAD_0221,Medium,Education,Galle,70,Employee,Yes,72.28622441023896,62.14,LOW,Converted,1
LEAD_0109,Medium,Agriculture,Negombo,36,C-Level,No,76.64935208988925,61.97,LOW,New,0
LEAD_0275,Large,Finance,Anuradhapura,55,Manager,Yes,66.46184165415536,61.97,LOW,Demo/Trial,0
LEAD_0191,Small,IT/Software,Kandy,78,C-Level,No,57.13942629906455,61.94,LOW,Converted,1
LEAD_0813,Large,Manufacturing,Matara,74,Employee,No,58.49224445115316,61.86,LOW,Converted,1
LEAD_0651,Large,IT/Software,Kurunegala,47,Manager,No,75.16369585521144,61.86,LOW,New,0
LEAD_0158,Small,Retail,Galle,73,C-Level,No,62.01392319170335,61.78,LOW,Converted,1
LEAD_0674,Medium,Finance,Colombo,100,Employee,No,57.14815581512534,61.73,LOW,Converted,1
LEAD_0315,Medium,Education,Kandy,83,Employee,No,63.91775175360673,61.63,LOW,Converted,1
LEAD_0466,Small,IT/Software,Anuradhapura,81,C-Level,No,55.74748760936572,61.59,LOW,Converted,1
LEAD_0340,Large,Agriculture,Negombo,51,Employee,No,80.55550752958376,61.57,LOW,Converted,1
LEAD_0631,Medium,Finance,Kandy,67,Manager,No,71.56762685408744,61.56,LOW,Converted,1
LEAD_0354,Large,Retail,Galle,65,Employee,No,65.60037870959742,61.55,LOW,Converted,1
LEAD_0750,Small,IT/Software,Anuradhapura,80,C-Level,No,58.69850472020802,61.46,LOW,Converted,1
LEAD_0049,Large,Finance,Colombo,54,Manager,No,62.25297848309689,61.37,LOW,Converted,1
LEAD_0300,Small,Agriculture,Colombo,97,Manager,No,53.60572744239467,61.31,LOW,Converted,1
LEAD_0459,Small,Tourism,Anuradhapura,100,C-Level,No,46.05886972991945,61.26,LOW,Converted,1
LEAD_0940,Small,Education,Negombo,61,C-Level,No,64.14736200757632,61.23,LOW,Converted,1
LEAD_0807,Medium,Education,Colombo,88,Employee,No,65.1141708375387,61.11,LOW,Converted,1
LEAD_0324,Medium,Education,Kurunegala,69,Manager,No,64.13109132205153,61.08,LOW,Converted,1
LEAD_0327,Small,Education,Negombo,100,Manager,No,54.30437132591896,60.96,LOW,Converted,1
LEAD_0364,Large,Finance,Negombo,43,Manager,No,70.22922316691002,60.9,LOW,Converted,1
LEAD_0535,Medium,Finance,Colombo,93,Employee,No,63.864368400203745,60.87,LOW,Converted,1
LEAD_0837,Medium,Manufacturing,Negombo,79,Employee,No,70.88870983987889,60.82,LOW,Qualified,0
LEAD_0081,Small,Finance,Negombo,100,Employee,No,60.228799105698094,60.56,LOW,Converted,1
LEAD_0099,Medium,Retail,Colombo,86,Employee,No,60.47550461031721,60.53,LOW,Qualified,0
LEAD_0902,Medium,Education,Anuradhapura,78,Manager,No,57.80527009350885,60.53,LOW,Converted,1
LEAD_0084,Small,Agriculture,Kurunegala,68,C-Level,No,58.53637348997026,60.47,LOW,Converted,1
LEAD_0533,Medium,Tourism,Jaffna,85,Employee,No,67.47150256143458,60.38,LOW,Converted,1
LEAD_0917,Medium,Finance,Negombo,68,Employee,No,73.15935404175175,60.35,LOW,Converted,1
LEAD_0522,Small,Manufacturing,Anuradhapura,82,C-Level,No,52.60379235978731,60.34,LOW,Qualified,0
LEAD_0650,Small,Finance,Negombo,57,C-Level,No,64.77688908330266,60.23,LOW,Converted,1
LEAD_0267,Medium,Agriculture,Anuradhapura,69,Manager,No,65.7212587878953,60.12,LOW,Converted,1
LEAD_0481,Medium,Tourism,Kurunegala,77,Employee,No,67.20659788504688,60.06,LOW,Converted,1
LEAD_0634,Small,IT/Software,Anuradhapura,100,C-Level,No,46.756964583399885,59.97,LOW,Converted,1
LEAD_0063,Small,Agriculture,Colombo,82,Manager,Yes,59.29934974940312,59.96,LOW,Converted,1
LEAD_0131,Large,Healthcare,Matara,53,Employee,No,77.5728695018289,59.95,LOW,Converted,1
LEAD_0585,Small,Education,Jaffna,96,Manager,No,56.55222416302927,59.93,LOW,Qualified,0
LEAD_0425,Medium,Healthcare,Kurunegala,68,Employee,Yes,67.58977173056925,59.87,LOW,Demo/Trial,0
LEAD_0463,Small,Finance,Galle,75,C-Level,No,54.95005598275843,59.82,LOW,Converted,1
LEAD_0866,Medium,Healthcare,Galle,66,Manager,No,69.82286821280778,59.76,LOW,Converted,1
LEAD_0709,Small,Agriculture,Matara,100,Manager,No,51.39902628856876,59.75,LOW,Converted,1
LEAD_0373,Small,Retail,Colombo,100,Manager,No,49.343330562975304,59.61,LOW,Converted,1
LEAD_0926,Medium,IT/Software,Matara,78,Employee,No,65.87355742795344,59.59,LOW,Converted,1
LEAD_0803,Medium,Agriculture,Galle,77,Manager,No,56.2262744067894,59.55,LOW,Converted,1
LEAD_0573,Large,Finance,Jaffna,53,Employee,No,71.4318023291057,59.53,LOW,Converted,1
LEAD_0950,Medium,Tourism,Anuradhapura,87,Manager,No,49.93027254471961,59.43,LOW,Converted,1
LEAD_0078,Medium,Tourism,Jaffna,52,C-Level,No,65.34184798939565,59.43,LOW,Converted,1
LEAD_0405,Medium,Finance,Matara,83,Employee,No,64.0039347901408,59.43,LOW,Qualified,0
LEAD_0011,Large,Retail,Anuradhapura,66,Manager,No,51.73070706983394,59.33,LOW,Converted,1
LEAD_0712,Medium,Agriculture,Jaffna,70,Manager,No,60.37362529370819,59.25,LOW,Converted,1
LEAD_0124,Large,Tourism,Matara,65,Employee,No,58.07111013675102,59.17,LOW,Qualified,0
LEAD_0474,Small,Healthcare,Kandy,68,C-Level,No,60.26079983460594,59.11,LOW,Converted,1
LEAD_0133,Medium,Healthcare,Anuradhapura,100,Employee,No,56.09105197048287,58.96,LOW,Converted,1
LEAD_0957,Small,Education,Kandy,55,C-Level,No,66.57367345908827,58.94,LOW,Engaged,0
LEAD_0284,Large,Finance,Colombo,61,Employee,No,67.87034914719067,58.92,LOW,Converted,1
LEAD_0883,Small,Tourism,Kandy,74,Manager,Yes,59.580405180917104,58.78,LOW,Converted,1
LEAD_0860,Medium,Agriculture,Colombo,65,Employee,Yes,73.04594381267144,58.7,LOW,Converted,1
LEAD_0652,Medium,Finance,Galle,78,Employee,No,59.87174198790186,58.7,LOW,Converted,1
LEAD_0073,Medium,Tourism,Negombo,75,Employee,No,61.90299079959433,58.61,LOW,Converted,1
LEAD_0292,Medium,IT/Software,Kandy,69,Manager,No,62.46431489195906,58.61,LOW,Converted,1
LEAD_0150,Medium,Healthcare,Kurunegala,76,Employee,No,68.20583081420686,58.47,LOW,Qualified,0
LEAD_0642,Small,Healthcare,Kandy,85,Manager,No,57.712395387312874,58.46,LOW,Converted,1
LEAD_0036,Large,Healthcare,Kurunegala,30,Manager,No,80.14787391956443,58.46,LOW,Converted,1
LEAD_0057,Small,Healthcare,Galle,92,Manager,No,50.60446493684038,58.42,LOW,Converted,1
LEAD_0452,Small,Education,Negombo,100,Employee,No,54.13491665230447,58.35,LOW,Converted,1
LEAD_0670,Large,Healthcare,Kurunegala,66,Employee,No,56.275339812939286,58.34,LOW,Qualified,0
LEAD_0397,Large,Retail,Anuradhapura,53,Manager,No,56.97162022281027,58.25,LOW,Converted,1
LEAD_0196,Medium,Agriculture,Galle,68,Employee,Yes,64.6060465872708,58.16,LOW,Converted,1
LEAD_0071,Medium,IT/Software,Galle,62,Manager,Yes,63.00088792858377,58.11,LOW,Converted,1
LEAD_0280,Small,Manufacturing,Galle,74,C-Level,No,52.85200544035909,58.05,LOW,Qualified,0
LEAD_0616,Small,Manufacturing,Anuradhapura,82,Employee,Yes,63.644134938553535,57.98,LOW,Converted,1
LEAD_0433,Small,Manufacturing,Kurunegala,59,C-Level,No,62.62790511279744,57.82,LOW,Converted,1
LEAD_0745,Medium,IT/Software,Kurunegala,45,C-Level,Yes,59.98463806545473,57.8,LOW,Converted,1
LEAD_0110,Small,Manufacturing,Negombo,100,Manager,No,45.17549926039797,57.77,LOW,Converted,1
LEAD_0157,Small,Manufacturing,Matara,84,Manager,No,57.682653948043416,57.77,LOW,Qualified,0
LEAD_0747,Large,Healthcare,Kurunegala,43,Manager,Yes,66.49397001457152,57.76,LOW,Converted,1
LEAD_0198,Small,Healthcare,Matara,100,Manager,No,49.38140222555687,57.75,LOW,Converted,1
LEAD_0264,Large,Finance,Kurunegala,43,Manager,No,61.97097137970229,57.69,LOW,New,0
LEAD_0851,Medium,Manufacturing,Kurunegala,79,Employee,No,59.709348308465714,57.68,LOW,Qualified,0
LEAD_0966,Large,Finance,Kandy,58,Employee,No,59.63727747000408,57.52,LOW,Converted,1
LEAD_0635,Medium,Tourism,Anuradhapura,95,Employee,No,54.524398700134036,57.47,LOW,Converted,1
LEAD_0728,Medium,IT/Software,Colombo,64,Manager,No,66.2904539450623,57.44,LOW,Converted,1
LEAD_0472,Medium,Education,Anuradhapura,88,Employee,No,60.018859746055334,57.43,LOW,Qualified,0
LEAD_0417,Small,Tourism,Jaffna,100,Employee,Yes,50.266661895616096,57.33,LOW,Converted,1
LEAD_0798,Medium,IT/Software,Jaffna,65,Employee,Yes,68.11424138015072,57.16,LOW,Converted,1
LEAD_0141,Medium,Manufacturing,Negombo,65,Employee,Yes,64.52215368835319,57.15,LOW,Converted,1
LEAD_0426,Small,Healthcare,Anuradhapura,77,Manager,Yes,59.940864884127656,57.14,LOW,Converted,1
LEAD_0834,Medium,Agriculture,Matara,58,Manager,No,64.80054472196476,57.09,LOW,Converted,1
LEAD_0714,Medium,Retail,Colombo,89,Employee,No,57.03034686505269,57.02,LOW,Converted,1
LEAD_0994,Large,Manufacturing,Galle,54,Employee,Yes,65.27622909321845,57.01,LOW,Converted,1
LEAD_0357,Large,Finance,Colombo,48,Manager,No,60.999194942350755,56.88,LOW,Converted,1
LEAD_0704,Medium,Agriculture,Anuradhapura,36,C-Level,No,68.66231608387034,56.86,LOW,New,0
LEAD_0962,Small,Tourism,Colombo,100,Manager,No,45.587245754008165,56.83,LOW,Qualified,0
LEAD_0727,Medium,Healthcare,Anuradhapura,44,C-Level,No,66.69060625719577,56.8,LOW,Converted,1
LEAD_0316,Small,Tourism,Negombo,97,Employee,No,52.448102017741775,56.68,LOW,Converted,1
LEAD_0648,Large,Manufacturing,Colombo,49,Manager,No,60.748666604441034,56.65,LOW,Converted,1
LEAD_0609,Small,Manufacturing,Anuradhapura,74,C-Level,No,51.41029730726972,56.61,LOW,Qualified,0
LEAD_0053,Small,Manufacturing,Colombo,85,Employee,Yes,57.36498560776769,56.59,LOW,Demo/Trial,0
LEAD_0898,Small,Education,Colombo,83,Employee,Yes,57.12403546606936,56.53,LOW,Converted,1
LEAD_0699,Small,Education,Anuradhapura,100,Manager,No,44.454009887992555,56.46,LOW,Converted,1
LEAD_0682,Small,Finance,Matara,58,C-Level,No,59.49394144747002,56.31,LOW,Converted,1
LEAD_0291,Large,Tourism,Kurunegala,52,Employee,No,60.3081997121672,56.29,LOW,Converted,1
LEAD_0653,Small,Retail,Jaffna,74,Manager,Yes,54.6530136803981,56.26,LOW,Converted,1
LEAD_0415,Small,Healthcare,Kandy,91,Employee,No,55.24440735283906,56.08,LOW,Converted,1
LEAD_0972,Medium,IT/Software,Negombo,63,Employee,No,67.43680738966856,56.06,LOW,Converted,1
LEAD_0413,Medium,Tourism,Negombo,75,Employee,No,56.94975269755034,55.87,LOW,Converted,1
LEAD_0002,Medium,Finance,Kurunegala,77,Employee,No,56.02331401049404,55.85,LOW,Converted,1
LEAD_0399,Small,Healthcare,Kandy,57,C-Level,No,56.699070830499934,55.69,LOW,Engaged,0
LEAD_0774,Small,Finance,Colombo,100,Manager,No,43.4540458630573,55.64,LOW,Qualified,0
LEAD_0437,Medium,Tourism,Colombo,82,Employee,No,58.64915248164362,55.63,LOW,Converted,1
LEAD_0695,Large,IT/Software,Kurunegala,38,Employee,No,74.70856827131004,55.62,LOW,Converted,1
LEAD_0599,Medium,Tourism,Jaffna,66,Manager,No,60.80344182238804,55.61,LOW,Converted,1
LEAD_0639,Medium,Retail,Anuradhapura,72,Manager,No,49.70905066818979,55.6,LOW,Converted,1
LEAD_0318,Large,Manufacturing,Jaffna,49,Employee,Yes,70.17232386550167,55.59,LOW,Converted,1
LEAD_0817,Small,Education,Anuradhapura,83,Manager,No,53.00900959816239,55.53,LOW,Converted,1
LEAD_0523,Large,Education,Kandy,35,Manager,No,63.08354961655277,55.13,LOW,Converted,1
LEAD_0733,Small,Healthcare,Jaffna,91,Manager,No,47.497758704956794,55.01,LOW,Converted,1
LEAD_0636,Small,Tourism,Anuradhapura,100,Manager,No,44.51900778456532,54.93,LOW,Converted,1
LEAD_0692,Small,Tourism,Jaffna,100,Employee,No,47.10693340979439,54.7,LOW,Converted,1
LEAD_0913,Medium,Education,Jaffna,65,Manager,No,58.356828863505115,54.69,LOW,Converted,1
LEAD_0445,Medium,IT/Software,Jaffna,50,Manager,Yes,66.73468032928609,54.58,LOW,Converted,1
LEAD_0429,Small,IT/Software,Matara,50,C-Level,No,55.46049199311798,54.55,LOW,Converted,1
LEAD_0559,Small,Healthcare,Kurunegala,80,Manager,No,49.38154892471608,54.49,LOW,Converted,1
LEAD_0978,Large,Retail,Matara,26,Manager,No,75.78995988235484,54.44,LOW,Converted,1
LEAD_0270,Medium,IT/Software,Kurunegala,71,Employee,No,62.0071082326543,54.27,LOW,Converted,1
LEAD_0450,Small,IT/Software,Jaffna,93,Employee,No,52.16971629644209,54.26,LOW,Converted,1
LEAD_0086,Small,Tourism,Kurunegala,54,C-Level,No,57.16312335706063,54.16,LOW,Converted,1
LEAD_0963,Medium,Tourism,Kurunegala,69,Employee,No,58.63661270214509,54.05,LOW,Qualified,0
LEAD_0770,Large,Healthcare,Negombo,43,Employee,No,59.673433523008036,54.05,LOW,Converted,1
LEAD_0212,Medium,Tourism,Matara,47,Manager,No,66.48356473518865,53.98,LOW,Converted,1
LEAD_0254,Small,Agriculture,Jaffna,85,Manager,No,47.08972787412266,53.93,LOW,Qualified,0
LEAD_0285,Medium,Retail,Kurunegala,76,Employee,No,50.78654653916653,53.85,LOW,Converted,1
LEAD_0864,Small,Agriculture,Colombo,70,Manager,Yes,53.98878141199533,53.83,LOW,Converted,1
LEAD_0453,Small,Manufacturing,Kurunegala,68,Manager,Yes,52.915988241122726,53.53,LOW,Converted,1
LEAD_0838,Large,Tourism,Kurunegala,40,Employee,No,66.96371592329292,53.48,LOW,Converted,1
LEAD_0241,Medium,Tourism,Matara,54,Manager,Yes,55.469546011114936,53.44,LOW,Demo/Trial,0
LEAD_0512,Small,Tourism,Anuradhapura,100,Manager,No,35.80412677996963,53.36,LOW,Qualified,0
LEAD_0487,Small,Retail,Matara,79,Manager,No,50.48173874008245,53.29,LOW,Qualified,0
LEAD_0905,Medium,Education,Kurunegala,69,Employee,No,54.03846165252849,53.27,LOW,Converted,1
LEAD_0061,Small,Manufacturing,Matara,47,C-Level,No,55.306641137111356,53.22,LOW,Converted,1
LEAD_0993,Large,IT/Software,Kurunegala,46,Employee,No,64.08050395898728,53.21,LOW,Converted,1
LEAD_0333,Small,Finance,Anuradhapura,62,C-Level,No,49.95259598877413,53.19,LOW,Converted,1
LEAD_0944,Medium,Education,Galle,62,Employee,Yes,55.69901198397955,53.07,LOW,Converted,1
LEAD_0229,Small,Finance,Matara,69,Employee,Yes,58.02707488404641,53.06,LOW,Demo/Trial,0
LEAD_0785,Large,IT/Software,Kurunegala,45,Employee,No,65.5606288708684,53.01,LOW,Converted,1
LEAD_0060,Small,Education,Anuradhapura,90,Manager,No,42.005011991920234,52.97,LOW,Converted,1
LEAD_0534,Medium,Healthcare,Negombo,52,Manager,No,57.70132989858106,52.91,LOW,Converted,1
LEAD_0273,Medium,Healthcare,Kandy,68,Employee,No,59.40992404630795,52.71,LOW,Converted,1
LEAD_0768,Small,Education,Anuradhapura,51,C-Level,No,53.672537672708984,52.52,LOW,Engaged,0
LEAD_0470,Small,Manufacturing,Matara,73,Manager,No,53.491704370636505,52.51,LOW,Engaged,0
LEAD_0731,Medium,Education,Jaffna,65,Employee,No,61.035621210229294,52.49,LOW,Qualified,0
LEAD_0410,Large,Manufacturing,Galle,55,Employee,No,54.01170693369455,52.48,LOW,Converted,1
LEAD_0355,Small,Tourism,Anuradhapura,95,Manager,No,36.54012431689722,52.44,LOW,Qualified,0
LEAD_0072,Large,Retail,Anuradhapura,38,Manager,Yes,64.81546474859263,52.43,LOW,Converted,1
LEAD_0572,Small,Finance,Negombo,40,C-Level,No,61.029365697701664,52.32,LOW,Converted,1
LEAD_0287,Medium,Agriculture,Galle,70,Employee,No,55.228232518405726,52.24,LOW,Converted,1
LEAD_0859,Large,Education,Kandy,34,Employee,No,65.18007706839512,52.18,LOW,Converted,1
LEAD_0042,Small,Healthcare,Galle,79,Manager,No,49.02529901488263,52.17,LOW,Qualified,0
LEAD_0508,Small,Agriculture,Kurunegala,89,Employee,No,47.181960025078865,52.16,LOW,Qualified,0
LEAD_0748,Medium,Retail,Galle,60,Manager,No,50.794616081422696,52.05,LOW,Converted,1
LEAD_0128,Small,Tourism,Colombo,92,Employee,No,46.76737065551333,51.98,LOW,Qualified,0
LEAD_0375,Large,Manufacturing,Galle,43,Employee,No,60.06798504062284,51.97,LOW,Converted,1
LEAD_0343,Small,Tourism,Colombo,81,Employee,Yes,53.148913207575866,51.83,LOW,Converted,1
LEAD_0447,Medium,IT/Software,Anuradhapura,64,Employee,Yes,57.06948484060192,51.65,LOW,Converted,1
LEAD_0584,Medium,Manufacturing,Kandy,63,Employee,No,54.670546123397216,51.46,LOW,Qualified,0
LEAD_0841,Large,Retail,Anuradhapura,65,Employee,No,44.53742304140025,51.37,LOW,Qualified,0
LEAD_0953,Small,Agriculture,Anuradhapura,50,C-Level,No,49.122623901864856,51.35,LOW,Converted,1
LEAD_0475,Medium,Retail,Negombo,62,Employee,No,60.069645927848,51.33,LOW,Converted,1
LEAD_0550,Small,Finance,Matara,50,C-Level,No,49.219025236709186,51.2,LOW,Qualified,0
LEAD_0938,Small,Education,Jaffna,78,Manager,No,46.43175114771391,51.15,LOW,Converted,1
LEAD_0434,Large,Retail,Anuradhapura,49,Employee,No,60.324799513972074,51.15,LOW,Converted,1
LEAD_0757,Small,Healthcare,Jaffna,72,Manager,No,47.64785698347299,50.92,LOW,Converted,1
LEAD_0148,Small,Healthcare,Jaffna,79,Manager,No,44.6387835830926,50.79,LOW,Converted,1
LEAD_0021,Small,Tourism,Colombo,100,Manager,No,33.58858315253577,50.79,LOW,Qualified,0
LEAD_0738,Small,Manufacturing,Galle,93,Employee,No,41.174624764185616,50.77,LOW,Converted,1
LEAD_0165,Small,Education,Kandy,78,Manager,No,47.04755330789093,50.65,LOW,Qualified,0
LEAD_0310,Small,Finance,Negombo,67,Manager,No,47.364427000411894,50.61,LOW,Qualified,0
LEAD_0989,Large,Manufacturing,Negombo,37,Employee,No,58.26652492402954,50.57,LOW,Qualified,0
LEAD_0332,Large,Healthcare,Colombo,30,Employee,No,69.5385106800389,50.52,LOW,New,0
LEAD_0571,Medium,Retail,Anuradhapura,39,C-Level,No,52.9981759726122,50.43,LOW,New,0
LEAD_0515,Large,Healthcare,Galle,42,Employee,No,63.42822433045809,50.39,LOW,Converted,1
LEAD_0213,Large,Manufacturing,Galle,40,Employee,No,59.67891751987613,50.35,LOW,Converted,1
LEAD_0638,Small,Retail,Galle,99,Employee,No,39.478567735780054,50.29,LOW,Qualified,0
LEAD_0514,Medium,Finance,Jaffna,54,Employee,No,60.553382826147526,50.11,LOW,Converted,1
LEAD_0543,Small,IT/Software,Kurunegala,76,Manager,No,47.08634158467404,50.09,LOW,Converted,1
LEAD_0329,Small,Manufacturing,Matara,46,C-Level,No,52.493069713036,49.99,LOW,New,0
LEAD_0153,Small,Manufacturing,Jaffna,94,Employee,No,38.187531757287616,49.94,LOW,Converted,1
LEAD_0135,Medium,Retail,Negombo,50,Manager,No,51.77811863609195,49.93,LOW,Converted,1
LEAD_0797,Small,Healthcare,Galle,100,Employee,No,38.17351601539296,49.73,LOW,Qualified,0
LEAD_0607,Medium,Agriculture,Anuradhapura,71,Employee,No,46.91523704478192,49.68,LOW,Qualified,0
LEAD_0525,Medium,Finance,Jaffna,57,Employee,No,57.50755267512585,49.6,LOW,Converted,1
LEAD_0152,Small,Finance,Matara,81,Employee,No,46.773397306385995,49.57,LOW,Converted,1
LEAD_0646,Small,Manufacturing,Galle,86,Employee,No,43.465434022005674,49.52,LOW,Converted,1
LEAD_0825,Medium,Tourism,Anuradhapura,53,Manager,No,55.61440994159188,49.45,LOW,Engaged,0
LEAD_0095,Medium,Education,Kandy,55,Employee,No,52.24240621994646,49.43,LOW,Qualified,0
LEAD_0467,Medium,IT/Software,Kandy,45,Manager,No,53.529198091412425,49.42,LOW,Converted,1
LEAD_0614,Medium,Tourism,Colombo,56,Manager,No,51.33855037258338,49.32,LOW,Qualified,0
LEAD_0552,Small,Tourism,Kandy,72,Manager,No,46.434487142418654,49.12,LOW,Qualified,0
LEAD_0591,Large,Retail,Galle,40,Employee,No,55.944577959579675,49.02,LOW,Converted,1
LEAD_0163,Small,Retail,Kurunegala,59,Manager,Yes,52.19610601067123,49.01,LOW,Converted,1
LEAD_0439,Medium,Tourism,Negombo,51,Employee,No,54.580027124008964,48.97,LOW,Engaged,0
LEAD_0856,Small,Agriculture,Jaffna,73,Manager,No,43.31765359971961,48.61,LOW,Converted,1
LEAD_0655,Medium,Manufacturing,Negombo,59,Employee,No,48.288347654163964,48.52,LOW,Converted,1
LEAD_0862,Medium,Manufacturing,Kurunegala,50,Manager,No,47.58598545586597,48.34,LOW,Converted,1
LEAD_0946,Small,Healthcare,Jaffna,61,Manager,Yes,48.41268842023263,48.31,LOW,Converted,1
LEAD_0192,Medium,Retail,Anuradhapura,69,Employee,No,44.33501056674965,48.27,LOW,Qualified,0
LEAD_0915,Medium,Agriculture,Negombo,40,Manager,No,52.934857074644725,48.07,LOW,Converted,1
LEAD_0788,Small,Retail,Matara,62,Manager,No,44.09007795753566,48.04,LOW,Converted,1
LEAD_0561,Small,Healthcare,Anuradhapura,72,Employee,Yes,47.86237819651105,47.84,LOW,Converted,1
LEAD_0582,Small,Retail,Jaffna,87,Employee,No,42.711286598488066,47.81,LOW,Converted,1
LEAD_0903,Small,Manufacturing,Anuradhapura,54,C-Level,No,41.729241143382886,47.77,LOW,Converted,1
LEAD_0216,Small,Education,Matara,74,Employee,No,44.48333883709204,47.71,LOW,Qualified,0
LEAD_0369,Small,Retail,Anuradhapura,51,C-Level,No,44.83728005273255,47.63,LOW,Engaged,0
LEAD_0409,Medium,Agriculture,Colombo,62,Employee,No,47.053812939445045,47.43,LOW,Qualified,0
LEAD_0412,Large,Finance,Jaffna,15,Manager,No,59.05727993491936,47.4,LOW,Converted,1
LEAD_0706,Medium,Agriculture,Anuradhapura,67,Employee,No,45.44588457565021,47.4,LOW,Converted,1
LEAD_0103,Large,Tourism,Colombo,46,Employee,No,43.22508345617128,47.28,LOW,Converted,1
LEAD_0030,Small,Manufacturing,Galle,42,C-Level,No,49.623560788251346,47.19,LOW,New,0
LEAD_0056,Medium,Manufacturing,Kurunegala,39,Manager,No,56.363896704996264,47.17,LOW,Converted,1
LEAD_0368,Large,Finance,Kandy,31,Employee,No,55.20266045959422,47.07,LOW,Converted,1
LEAD_0488,Small,Finance,Jaffna,73,Manager,No,41.34907238780532,46.98,LOW,Converted,1
LEAD_0457,Small,Tourism,Anuradhapura,68,Manager,Yes,39.347408302362645,46.84,LOW,Converted,1
LEAD_0948,Small,Manufacturing,Galle,72,Manager,No,36.81293749768406,46.81,LOW,Converted,1
LEAD_0149,Medium,Tourism,Matara,42,Manager,No,53.93301914715478,46.77,LOW,Converted,1
LEAD_0520,Small,Manufacturing,Colombo,78,Manager,No,34.46653896537598,46.73,LOW,Converted,1
LEAD_0895,Medium,Manufacturing,Kandy,41,Manager,No,52.53500406364186,46.54,LOW,New,0
LEAD_0779,Medium,Retail,Matara,43,Manager,Yes,50.24814531158278,46.43,LOW,Converted,1
LEAD_0269,Small,Retail,Negombo,68,Manager,No,39.82800692792554,46.43,LOW,Converted,1
LEAD_0419,Large,Healthcare,Anuradhapura,39,Employee,No,52.920320821399024,46.38,LOW,Converted,1
LEAD_0854,Small,Tourism,Jaffna,71,Manager,No,40.09647306700025,46.31,LOW,Qualified,0
LEAD_0717,Large,IT/Software,Anuradhapura,39,Employee,No,50.01573676866996,45.97,LOW,Converted,1
LEAD_0492,Small,Healthcare,Galle,66,Manager,No,41.76619340433533,45.81,LOW,Converted,1
LEAD_0701,Small,Finance,Colombo,66,Manager,No,41.490473120398576,45.78,LOW,Converted,1
LEAD_0298,Small,Retail,Anuradhapura,90,Employee,No,37.195822851567485,45.66,LOW,Qualified,0
LEAD_0136,Small,Tourism,Negombo,63,Employee,Yes,49.03299732679879,45.55,LOW,Converted,1
LEAD_0440,Medium,IT/Software,Anuradhapura,55,Employee,Yes,52.600000011340995,45.34,LOW,Demo/Trial,0
LEAD_0669,Small,IT/Software,Jaffna,70,Manager,No,35.30008023501278,45.22,LOW,Qualified,0
LEAD_0724,Large,Tourism,Kandy,30,Employee,No,47.0435235017725,45.18,LOW,New,0
LEAD_0849,Small,Tourism,Galle,79,Employee,No,37.14677848115377,44.92,LOW,Qualified,0
LEAD_0603,Large,IT/Software,Anuradhapura,40,Employee,Yes,52.39167523698802,44.87,LOW,Converted,1
LEAD_0456,Small,Tourism,Kurunegala,60,Manager,Yes,42.79511250064828,44.82,LOW,Demo/Trial,0
LEAD_0231,Small,IT/Software,Matara,54,Manager,Yes,42.658486207664495,44.56,LOW,Converted,1
LEAD_0761,Small,Retail,Negombo,66,Employee,No,42.67033985752946,44.5,LOW,Qualified,0
LEAD_0137,Small,IT/Software,Anuradhapura,48,C-Level,No,39.65970440530969,44.39,LOW,Converted,1
LEAD_0705,Small,Retail,Kurunegala,57,Manager,No,43.81604649717408,44.05,LOW,Engaged,0
LEAD_0005,Medium,IT/Software,Jaffna,48,Employee,No,46.67748086606955,43.93,LOW,New,0
LEAD_0430,Small,Agriculture,Negombo,67,Employee,No,42.9886549084559,43.87,LOW,Converted,1
LEAD_0268,Small,Healthcare,Anuradhapura,43,C-Level,No,41.99214489057407,43.83,LOW,Converted,1
LEAD_0246,Small,Retail,Matara,65,Employee,No,43.70386827742781,43.73,LOW,Converted,1
LEAD_0172,Small,Agriculture,Anuradhapura,57,Manager,No,43.790692341738435,43.72,LOW,Converted,1
LEAD_0120,Medium,Agriculture,Galle,52,Employee,No,48.37777279254888,43.7,LOW,Converted,1
LEAD_0226,Small,Healthcare,Matara,34,C-Level,No,43.44793424350737,43.53,LOW,Converted,1
LEAD_0379,Small,Retail,Colombo,70,Employee,Yes,40.34412370406107,43.47,LOW,Demo/Trial,0
LEAD_0687,Medium,Healthcare,Anuradhapura,39,Manager,No,48.496511038717415,43.34,LOW,New,0
LEAD_0588,Small,Tourism,Kandy,69,Manager,No,34.25977286438886,43.22,LOW,Qualified,0
LEAD_0865,Medium,Agriculture,Matara,28,Manager,No,48.18456218740532,43.22,LOW,Converted,1
LEAD_0156,Small,Finance,Kurunegala,25,C-Level,No,49.07273155492649,43.07,LOW,Converted,1
LEAD_0612,Small,Manufacturing,Galle,74,Employee,No,36.96812591456519,42.94,LOW,Converted,1
LEAD_0106,Medium,Education,Negombo,38,Employee,No,52.904764657149336,42.8,LOW,Converted,1
LEAD_0431,Medium,Manufacturing,Galle,39,Manager,No,43.54773885436437,42.76,LOW,Converted,1
LEAD_0907,Large,IT/Software,Kandy,17,Employee,No,58.07518458860142,42.58,LOW,Converted,1
LEAD_0479,Large,Tourism,Galle,16,Employee,No,63.03033271952966,42.58,LOW,New,0
LEAD_0546,Large,Healthcare,Galle,36,Employee,No,38.15414873671795,42.06,LOW,Converted,1
LEAD_0330,Medium,Agriculture,Matara,28,Manager,No,47.017465253422856,42.06,LOW,New,0
LEAD_0458,Small,Agriculture,Galle,66,Employee,No,38.332317316713265,42.02,LOW,Converted,1
LEAD_0703,Small,IT/Software,Jaffna,36,C-Level,No,38.55875284237081,41.98,LOW,New,0
LEAD_0649,Small,Agriculture,Negombo,47,Manager,No,40.46300857314716,41.97,LOW,New,0
LEAD_0676,Small,Healthcare,Colombo,57,Manager,Yes,36.905087928660194,41.75,LOW,Converted,1
LEAD_0678,Medium,Finance,Matara,37,Employee,No,45.7879704306134,41.05,LOW,Qualified,0
LEAD_0155,Medium,Manufacturing,Matara,41,Employee,No,49.03488487997152,40.91,LOW,New,0
LEAD_0884,Medium,Retail,Negombo,31,Manager,No,41.80767676923764,40.6,LOW,Converted,1
LEAD_0427,Small,IT/Software,Matara,57,Employee,No,42.45530858118262,40.18,LOW,Converted,1
LEAD_0786,Medium,Manufacturing,Galle,54,Employee,No,35.869470677292135,39.99,LOW,Converted,1
LEAD_0877,Medium,Manufacturing,Kandy,45,Employee,No,37.07890485755602,39.39,LOW,Converted,1
LEAD_0660,Small,Tourism,Anuradhapura,57,Manager,Yes,32.49215245267372,39.28,LOW,Demo/Trial,0
LEAD_0151,Small,Tourism,Jaffna,72,Employee,No,28.930447866021254,39.25,LOW,Qualified,0
LEAD_0847,Small,Finance,Anuradhapura,73,Employee,No,27.58274602147016,39.12,LOW,Qualified,0
LEAD_0414,Small,Tourism,Anuradhapura,32,C-Level,No,38.564511185882715,38.87,LOW,New,0
LEAD_0349,Small,IT/Software,Kurunegala,49,Manager,No,36.578680026065015,38.75,LOW,Qualified,0
LEAD_0656,Medium,Healthcare,Matara,29,Employee,No,44.69809062412352,38.6,LOW,Converted,1
LEAD_0223,Small,Education,Anuradhapura,69,Employee,No,33.28371295763204,38.58,LOW,Qualified,0
LEAD_0644,Small,Tourism,Galle,30,C-Level,No,37.610607496740286,38.57,LOW,New,0
LEAD_0984,Small,Healthcare,Galle,34,C-Level,No,31.638473721925408,38.34,LOW,New,0
LEAD_0980,Small,Retail,Jaffna,57,Employee,Yes,35.45862244254228,38.11,LOW,Converted,1
LEAD_0721,Small,Finance,Kandy,54,Employee,No,36.677035219906415,38.04,LOW,Converted,1
LEAD_0952,Small,Manufacturing,Negombo,48,Employee,No,42.698970211171236,38.02,LOW,Converted,1
LEAD_0637,Small,Agriculture,Colombo,24,C-Level,No,37.91935817429001,37.89,LOW,New,0
LEAD_0444,Small,Finance,Kandy,50,Employee,No,39.50522245191324,37.51,LOW,Converted,1
LEAD_0716,Medium,Education,Negombo,15,Manager,No,42.79881555033543,37.23,LOW,New,0
LEAD_0528,Small,Tourism,Kandy,54,Employee,No,36.722355117313555,37.2,LOW,Qualified,0
LEAD_0532,Small,Retail,Kandy,66,Employee,No,31.66877191271169,37.07,LOW,Converted,1
LEAD_0629,Small,Manufacturing,Colombo,54,Manager,No,26.394482292998816,37.02,LOW,Converted,1
LEAD_0480,Medium,Agriculture,Kurunegala,23,Employee,No,47.51705037324795,36.91,LOW,New,0
LEAD_0985,Small,Manufacturing,Matara,52,Employee,No,32.84573492048625,36.83,LOW,Converted,1
LEAD_0562,Small,Retail,Colombo,28,C-Level,No,32.68048436633792,36.82,LOW,New,0
LEAD_0517,Small,IT/Software,Jaffna,50,Manager,No,33.39066207196455,36.76,LOW,Converted,1
LEAD_0527,Small,Tourism,Kurunegala,62,Employee,No,28.220137497877957,36.52,LOW,Qualified,0
LEAD_0406,Small,Finance,Kandy,51,Employee,Yes,37.739465249722116,36.4,LOW,Converted,1
LEAD_0922,Small,Manufacturing,Colombo,61,Employee,No,30.507317912166805,36.31,LOW,Qualified,0
LEAD_0403,Small,Manufacturing,Matara,47,Manager,No,32.34007351637769,36.29,LOW,New,0
LEAD_0094,Small,Finance,Colombo,59,Employee,No,27.316066217874564,35.78,LOW,Engaged,0
LEAD_0795,Small,Agriculture,Matara,37,Manager,No,33.745243644569435,35.57,LOW,New,0
LEAD_0122,Small,Finance,Negombo,32,Manager,No,38.251382190997326,35.55,LOW,New,0
LEAD_0065,Small,Tourism,Anuradhapura,55,Employee,Yes,31.594349076784173,35.07,LOW,Converted,1
LEAD_0726,Small,Tourism,Anuradhapura,59,Employee,Yes,30.360846444675076,34.81,LOW,Converted,1
LEAD_0935,Medium,Manufacturing,Negombo,25,Employee,No,43.39863679542314,34.63,LOW,New,0
LEAD_0123,Medium,Tourism,Anuradhapura,34,Employee,No,37.046937446263215,34.6,LOW,New,0
LEAD_0091,Medium,Tourism,Anuradhapura,34,Employee,No,39.10556022272,34.58,LOW,Converted,1
LEAD_0722,Small,Finance,Matara,44,Employee,No,36.51227817363096,34.28,LOW,New,0
LEAD_0293,Small,Healthcare,Matara,54,Employee,No,28.53980195357362,34.12,LOW,Converted,1
LEAD_0558,Medium,Retail,Negombo,28,Employee,No,41.83808416803095,33.9,LOW,Converted,1
LEAD_0206,Small,IT/Software,Galle,57,Employee,No,29.627033239780893,33.83,LOW,Converted,1
LEAD_0871,Small,Healthcare,Kandy,47,Employee,No,30.236709689327,33.61,LOW,New,0
LEAD_0302,Small,Tourism,Anuradhapura,66,Employee,No,19.37698394126994,33.47,LOW,Converted,1
LEAD_0960,Small,IT/Software,Kurunegala,52,Employee,No,28.694542631069048,32.87,LOW,Qualified,0
LEAD_0563,Small,Healthcare,Galle,57,Employee,No,24.828042163894317,32.77,LOW,Qualified,0
LEAD_0844,Small,Tourism,Matara,37,Manager,No,27.137656706332226,32.67,LOW,New,0
LEAD_0544,Small,Tourism,Jaffna,52,Employee,Yes,25.27572032282689,32.23,LOW,Converted,1
LEAD_0015,Large,Education,Anuradhapura,14,Employee,No,34.116221167464495,32.07,LOW,New,0
LEAD_0665,Small,Agriculture,Galle,52,Employee,No,27.77614686321203,31.54,LOW,Qualified,0
LEAD_0914,Small,Tourism,Matara,39,Employee,No,31.299692631277566,30.97,LOW,Converted,1
LEAD_0205,Medium,Tourism,Colombo,30,Employee,No,32.2516532594129,30.26,LOW,New,0
LEAD_0489,Medium,Manufacturing,Galle,26,Employee,No,32.09274205860093,29.87,LOW,New,0
LEAD_0510,Medium,Manufacturing,Kandy,25,Employee,No,28.02434678431934,29.86,LOW,New,0
LEAD_0983,Small,IT/Software,Jaffna,45,Employee,No,24.325716042574854,29.76,LOW,Converted,1
LEAD_0008,Small,Education,Matara,36,Employee,No,30.27344661989293,29.73,LOW,New,0
LEAD_0462,Small,Agriculture,Kurunegala,38,Employee,No,26.284351647769228,29.41,LOW,Converted,1
LEAD_0577,Small,Tourism,Kandy,42,Employee,No,21.900251638389303,28.57,LOW,Qualified,0
LEAD_0295,Small,Retail,Negombo,35,Employee,No,28.9389741480891,28.56,LOW,Converted,1
LEAD_0107,Small,Finance,Galle,30,Manager,No,22.38171726180726,28.45,LOW,New,0
LEAD_0594,Medium,Education,Jaffna,12,Employee,No,37.7447515094778,28.26,LOW,Converted,1
LEAD_0317,Medium,Agriculture,Galle,20,Employee,No,26.80617285721037,28.1,LOW,Converted,1
LEAD_0469,Small,Retail,Negombo,22,Manager,No,27.07589572895403,28.03,LOW,New,0
LEAD_0179,Small,Agriculture,Negombo,34,Employee,No,26.26311570528031,27.96,LOW,New,0
LEAD_0771,Medium,Manufacturing,Galle,26,Employee,No,26.08639251551978,27.8,LOW,New,0
LEAD_0810,Medium,Manufacturing,Matara,27,Employee,Yes,21.539028775333723,27.24,LOW,Demo/Trial,0
LEAD_0026,Small,IT/Software,Jaffna,43,Employee,No,17.96980378226859,27.17,LOW,Qualified,0
LEAD_0184,Medium,Agriculture,Colombo,18,Employee,No,27.51211383440473,26.93,LOW,Converted,1
LEAD_0933,Medium,Retail,Kandy,11,Employee,No,37.6023003665063,26.83,LOW,Converted,1
LEAD_0615,Small,Retail,Negombo,38,Employee,Yes,24.041948794477417,26.66,LOW,Demo/Trial,0
LEAD_0173,Small,Tourism,Anuradhapura,34,Manager,No,18.76225266892798,26.5,LOW,Converted,1
LEAD_0134,Small,Manufacturing,Anuradhapura,46,Employee,No,16.135677653480997,26.05,LOW,Converted,1
LEAD_0749,Small,Tourism,Colombo,30,Manager,No,19.01983275982748,25.41,LOW,Converted,1
LEAD_0590,Small,Healthcare,Jaffna,35,Employee,No,18.173137495193696,25.1,LOW,Converted,1
LEAD_0218,Small,Retail,Galle,26,Manager,No,18.296580246387226,24.93,LOW,New,0
LEAD_0526,Small,Education,Jaffna,37,Employee,Yes,19.76666503957375,24.12,LOW,Demo/Trial,0
LEAD_0233,Small,Tourism,Negombo,16,Manager,No,22.91978156343667,23.83,LOW,New,0
LEAD_0365,Medium,Retail,Jaffna,12,Employee,No,28.844953322043537,23.74,LOW,New,0
LEAD_0879,Small,Manufacturing,Galle,38,Employee,Yes,13.975994619530251,23.59,LOW,Demo/Trial,0
LEAD_0911,Medium,IT/Software,Colombo,14,Employee,No,22.804657388669266,23.31,LOW,Converted,1
LEAD_0181,Medium,Manufacturing,Galle,9,Employee,No,26.420916725940348,22.99,LOW,Converted,1
LEAD_0623,Small,Tourism,Anuradhapura,31,Employee,No,14.73683125391472,22.29,LOW,Converted,1
LEAD_0390,Small,Healthcare,Kurunegala,23,Employee,No,23.345419329740494,22.23,LOW,New,0
LEAD_0296,Small,Manufacturing,Kurunegala,19,Employee,No,24.514901745209407,21.54,LOW,Converted,1
LEAD_0511,Small,IT/Software,Colombo,26,Employee,No,18.10625709060784,20.08,LOW,Converted,1
LEAD_0513,Small,Retail,Jaffna,21,Employee,No,19.71517864210612,20.04,LOW,New,0
LEAD_0620,Small,Tourism,Colombo,25,Employee,No,12.92940960001002,19.53,LOW,New,0
