lead_id,company_size,industry,location,engagement_score,website_visits,email_opens,demo_requested,days_since_first_contact,contact_level,budget_indicated_lkr,annual_revenue_lkr,competitor_using,referral_source,converted,pipeline_stage
1,Small,Tourism,Trincomalee,91,26,15,0,110,Employee,3680885,34657453,1,Trade Show,0,Proposal
2,Large,Finance,Kandy,6,24,8,0,88,Employee,7644022,427511559,1,Referral,0,Contacted
3,Medium,Education,Kurunegala,34,9,0,0,72,Employee,3503209,120452074,1,Cold Call,0,New
4,Small,Agriculture,Jaffna,54,46,15,1,125,Employee,3095785,479150865,1,Social Media,0,Proposal
5,Small,Agriculture,Negombo,91,22,8,0,30,Manager,4080125,76719543,1,Website,1,New
6,Small,Retail,Negombo,13,20,18,1,172,C-Level,7001013,55138275,1,Website,0,Proposal
7,Small,Agriculture,Kandy,9,20,11,0,53,Employee,1926629,335479513,0,Cold Call,0,New
8,Medium,Tourism,Colombo,79,42,18,0,138,Manager,5818365,255561801,0,Trade Show,1,Qualified
9,Medium,Healthcare,Jaffna,15,12,8,0,87,Employee,8389985,98627488,0,Trade Show,0,New
10,Medium,IT/Software,Negombo,53,36,6,0,177,Employee,8580287,386217692,1,Trade Show,0,Qualified
11,Small,Tourism,Kandy,94,32,13,0,139,Employee,1439083,179619652,1,Trade Show,0,New
12,Large,Healthcare,Trincomalee,88,23,18,0,164,Employee,5504672,316952204,1,Trade Show,0,Qualified
13,Medium,Education,Negombo,76,43,18,0,161,Employee,3803367,73581888,1,Cold Call,0,Contacted
14,Small,Agriculture,Matara,69,10,1,1,175,Manager,8075343,230499862,0,Referral,0,New
15,Small,Education,Jaffna,43,16,8,0,13,Manager,6034385,235100199,0,Social Media,0,Qualified
16,Small,Agriculture,Jaffna,72,3,12,0,40,Employee,3990702,269651650,0,Trade Show,0,Contacted
17,Small,IT/Software,Matara,44,46,14,0,89,Employee,2474151,204780674,0,Referral,0,New
18,Small,Manufacturing,Galle,99,24,2,0,68,Manager,6820841,129314822,0,Website,1,New
19,Small,IT/Software,Trincomalee,55,29,10,0,42,Manager,7701709,343018787,1,Cold Call,0,Contacted
20,Small,Finance,Matara,83,8,13,0,147,Manager,277476,494504674,1,Referral,1,New
21,Medium,Tourism,Kurunegala,81,20,7,1,94,Employee,1299217,239478350,0,Trade Show,1,New
22,Small,Retail,Kurunegala,56,19,17,1,19,C-Level,2775877,462380839,0,Trade Show,0,New
23,Small,Manufacturing,Kandy,20,18,18,0,23,Employee,8406042,493296386,0,Trade Show,0,Contacted
24,Small,IT/Software,Jaffna,67,18,15,0,54,Manager,3049908,403255708,0,Referral,0,Contacted
25,Small,Healthcare,Galle,49,11,1,1,65,Employee,6576625,78693286,0,Trade Show,0,New
26,Medium,Manufacturing,Galle,32,36,7,0,140,Manager,2031441,96716177,0,Referral,0,Negotiation
27,Small,Tourism,Negombo,90,41,5,0,24,Employee,365033,191681514,0,Trade Show,1,Proposal
28,Small,Agriculture,Negombo,6,16,11,0,34,Employee,9624338,266013744,0,Website,0,New
29,Small,Manufacturing,Matara,69,36,14,0,53,Employee,6599998,242545701,1,Website,0,New
30,Small,Agriculture,Galle,14,47,7,0,136,Employee,9645257,404687207,0,Social Media,0,Proposal
31,Medium,Tourism,Matara,81,38,3,0,18,Manager,5562774,378275840,0,Trade Show,0,Contacted
32,Small,IT/Software,Trincomalee,31,27,14,0,57,Manager,5918812,299591644,0,Trade Show,0,New
33,Small,Tourism,Matara,74,40,19,0,112,C-Level,6211053,311772041,0,Referral,0,Contacted
34,Large,Manufacturing,Negombo,19,34,16,0,5,Employee,942329,487840027,0,Referral,0,Qualified
35,Large,Healthcare,Jaffna,87,46,12,0,154,Manager,9682190,27221432,1,Trade Show,0,New
36,Medium,Education,Matara,14,47,17,0,158,Manager,7843343,71958046,0,Social Media,0,Qualified
37,Small,Manufacturing,Colombo,47,17,1,0,13,Employee,9377584,29611730,0,Trade Show,0,Qualified
38,Small,Tourism,Jaffna,70,13,12,0,83,Employee,274588,33084226,0,Referral,0,Contacted
39,Medium,Education,Galle,20,34,12,0,29,Manager,3873618,400366435,0,Trade Show,0,Proposal
40,Small,Tourism,Galle,41,43,14,0,3,C-Level,7736805,354885994,0,Referral,0,New
41,Small,Healthcare,Matara,25,40,19,1,90,Manager,1630332,262968014,0,Trade Show,0,Contacted
42,Small,Tourism,Jaffna,13,6,9,1,104,Employee,4839023,8919584,1,Cold Call,0,Contacted
43,Small,IT/Software,Negombo,56,40,2,0,123,Employee,7627837,229159400,1,Referral,0,Contacted
44,Large,Retail,Negombo,36,12,18,0,76,Employee,1133290,374340906,1,Social Media,0,New
45,Small,Agriculture,Kurunegala,57,17,2,0,130,Manager,4725535,170349746,0,Cold Call,0,New
46,Medium,Agriculture,Galle,20,36,13,0,108,Manager,6947129,408127404,0,Trade Show,0,New
47,Small,Manufacturing,Kandy,81,12,7,1,156,Employee,7558136,278172313,1,Referral,0,New
48,Small,Retail,Kurunegala,68,35,3,0,82,Manager,3258546,97903887,0,Cold Call,0,New
49,Small,Tourism,Negombo,2,30,19,0,77,Employee,8970046,404639459,0,Social Media,0,Qualified
50,Small,Healthcare,Jaffna,86,1,10,0,2,C-Level,4868424,63919136,0,Referral,0,New
51,Large,Manufacturing,Trincomalee,89,15,10,0,127,Employee,6170243,118074003,0,Cold Call,0,Qualified
52,Medium,Tourism,Negombo,36,8,10,0,135,Employee,1358542,371508876,0,Cold Call,0,New
53,Large,Education,Jaffna,87,8,1,0,26,Employee,9609388,430433348,0,Cold Call,0,New
54,Medium,Finance,Kurunegala,48,37,16,0,88,Employee,7449953,4394020,0,Website,0,New
55,Small,Tourism,Galle,18,10,8,1,16,Employee,4172091,145078413,1,Trade Show,0,New
56,Large,Retail,Negombo,88,21,1,1,151,Employee,9792748,85696666,0,Referral,0,Contacted
57,Small,Manufacturing,Matara,84,32,14,0,168,Employee,7514440,260411542,0,Referral,1,New
58,Small,Retail,Jaffna,11,35,15,0,73,Manager,3893868,453215565,0,Referral,0,Negotiation
59,Small,Manufacturing,Galle,60,44,3,0,32,Employee,1691711,300907175,0,Cold Call,0,Negotiation
60,Small,Tourism,Trincomalee,40,22,7,0,15,Employee,1728853,212144131,0,Trade Show,0,Contacted
61,Small,IT/Software,Trincomalee,32,44,8,0,141,Employee,2158721,197652518,1,Social Media,0,Qualified
62,Small,Education,Kandy,49,44,4,0,5,Manager,2060391,134388275,0,Referral,0,New
63,Medium,Tourism,Jaffna,67,33,15,0,74,Employee,4757448,388475794,1,Trade Show,0,Contacted
64,Small,Agriculture,Kurunegala,70,8,12,0,52,C-Level,7492367,233706734,0,Trade Show,0,Qualified
65,Small,Retail,Kandy,85,23,6,0,77,Manager,6256225,29026421,0,Website,0,New
66,Small,Finance,Kandy,32,7,19,0,169,Employee,4176773,52680131,1,Referral,0,New
67,Small,Finance,Colombo,80,6,16,0,110,Employee,5493333,449906717,0,Cold Call,0,New
68,Medium,Healthcare,Negombo,23,35,2,0,178,Employee,4612121,161542418,0,Trade Show,0,Contacted
69,Small,Manufacturing,Jaffna,60,17,4,1,143,Employee,7008008,69090462,0,Trade Show,0,Contacted
70,Large,Retail,Kandy,60,2,18,0,106,Manager,8547680,390918942,0,Social Media,0,New
71,Medium,Healthcare,Colombo,97,27,11,0,127,C-Level,3983337,396070472,0,Website,0,Contacted
72,Small,Retail,Kurunegala,27,5,6,1,7,Employee,6000726,144565876,0,Trade Show,0,Contacted
73,Small,Agriculture,Galle,57,43,8,1,40,Employee,2263843,330376844,0,Trade Show,0,Qualified
74,Medium,Manufacturing,Matara,42,43,5,0,156,Manager,2862594,268026934,0,Cold Call,0,New
75,Medium,Tourism,Matara,40,20,16,1,160,Manager,7786281,482338683,1,Cold Call,0,Qualified
76,Medium,Tourism,Jaffna,38,27,15,0,99,Employee,4301390,127570285,1,Social Media,0,Qualified
77,Medium,Finance,Kandy,85,39,2,0,143,Employee,8878570,311410037,1,Social Media,0,Qualified
78,Small,Tourism,Matara,48,0,3,0,85,Employee,3577899,352608649,0,Social Media,0,Qualified
79,Small,Tourism,Negombo,16,35,9,0,65,Manager,9290288,311854255,1,Cold Call,0,Contacted
80,Small,Agriculture,Matara,97,20,4,0,132,Employee,4231279,238725534,0,Cold Call,1,New
81,Medium,IT/Software,Matara,69,42,9,0,11,Employee,9431137,340867812,1,Website,1,Contacted
82,Medium,Finance,Matara,69,34,11,0,108,C-Level,2186172,85094230,0,Referral,0,Negotiation
83,Small,Healthcare,Trincomalee,97,12,9,0,26,Manager,1465265,423003738,0,Referral,0,Contacted
84,Small,Education,Colombo,64,48,12,0,165,Manager,3342222,302757509,1,Website,0,New
85,Small,IT/Software,Kandy,73,9,10,0,151,Employee,8604589,204185369,0,Referral,0,New
86,Small,Healthcare,Negombo,84,43,15,0,85,Employee,7422933,74619393,0,Cold Call,0,Negotiation
87,Medium,Manufacturing,Kandy,4,46,7,0,168,C-Level,9810622,219584428,1,Referral,0,New
88,Medium,IT/Software,Trincomalee,1,9,7,1,151,Employee,8777177,64459004,1,Cold Call,0,New
89,Medium,Agriculture,Jaffna,21,45,7,1,123,Employee,9212679,475697548,1,Website,0,New
90,Small,Healthcare,Jaffna,56,12,12,0,144,Employee,3356505,235868658,0,Social Media,0,Negotiation
91,Small,Manufacturing,Jaffna,65,36,1,0,68,Employee,8891249,233178993,0,Website,0,New
92,Medium,Finance,Kurunegala,73,37,11,0,104,Employee,4912056,140080827,0,Referral,0,Contacted
93,Medium,Education,Matara,97,23,9,0,80,Manager,3876764,240800338,0,Cold Call,0,Contacted
94,Small,Manufacturing,Kurunegala,15,1,11,0,159,C-Level,1615538,226096960,0,Referral,0,New
95,Medium,Tourism,Colombo,50,21,10,0,53,C-Level,4949666,23973735,0,Referral,0,Proposal
96,Small,Retail,Jaffna,38,16,14,0,106,Employee,3499618,471884255,0,Social Media,0,Contacted
97,Small,Manufacturing,Trincomalee,85,35,15,0,153,Employee,6825630,288903599,0,Referral,0,Contacted
98,Small,Manufacturing,Negombo,75,13,16,1,44,Employee,3504629,121476636,1,Social Media,0,Proposal
99,Small,Education,Kandy,87,9,1,0,140,Manager,2292848,230075393,1,Cold Call,0,Negotiation
100,Small,Retail,Matara,39,34,17,0,90,Employee,2873219,64224359,1,Cold Call,0,Contacted
101,Small,Tourism,Galle,37,24,11,1,101,Manager,4964912,236308581,1,Social Media,0,New
102,Medium,Healthcare,Negombo,59,2,18,0,97,Manager,1744173,413857391,0,Website,0,Qualified
103,Small,Healthcare,Matara,58,46,17,0,9,Employee,9457832,200948982,1,Cold Call,0,Contacted
104,Small,Manufacturing,Kurunegala,9,37,16,0,12,Employee,4361725,213912714,0,Website,0,Proposal
105,Large,Agriculture,Kurunegala,98,16,5,0,69,C-Level,8725044,355486992,1,Cold Call,1,Proposal
106,Small,Agriculture,Negombo,63,11,14,0,28,C-Level,5645636,253023990,1,Cold Call,0,New
107,Small,Retail,Kurunegala,62,23,2,0,56,Employee,5880618,377616370,1,Trade Show,1,Negotiation
108,Medium,Retail,Jaffna,48,28,5,0,99,Employee,5352371,183048874,0,Referral,0,New
109,Small,Tourism,Colombo,63,42,2,0,110,C-Level,2314178,243648251,0,Referral,0,Contacted
110,Small,Education,Kandy,31,24,0,0,77,Employee,174804,118924615,0,Website,0,New
111,Small,Finance,Colombo,6,35,12,0,103,Employee,3076877,235699861,0,Referral,0,Proposal
112,Small,Healthcare,Matara,20,25,13,0,106,Employee,3889514,70261123,0,Website,0,Contacted
113,Large,Education,Kandy,19,37,12,1,109,Employee,5057107,364329354,0,Cold Call,0,Contacted
114,Medium,IT/Software,Trincomalee,25,0,3,0,112,Employee,2072871,4390919,0,Trade Show,0,Proposal
115,Medium,Healthcare,Kandy,67,19,6,0,58,Employee,2040483,44648136,0,Trade Show,0,Contacted
116,Medium,Education,Colombo,85,27,9,0,78,Employee,3011898,259299737,1,Cold Call,0,Contacted
117,Medium,Healthcare,Negombo,14,15,6,0,75,Employee,8975943,394288577,0,Social Media,0,Proposal
118,Small,Finance,Kandy,84,46,14,0,42,C-Level,5327365,377129871,0,Social Media,0,Qualified
119,Medium,IT/Software,Trincomalee,78,16,14,0,166,Manager,7789262,39009669,1,Referral,0,Proposal
120,Small,Agriculture,Trincomalee,85,39,3,1,68,Manager,3609163,275306804,0,Website,0,Proposal
121,Medium,Agriculture,Trincomalee,91,27,5,1,33,Manager,6925711,171151380,1,Trade Show,0,New
122,Medium,Finance,Colombo,13,11,19,0,71,Employee,1361402,71627929,0,Referral,0,Contacted
123,Small,Tourism,Kandy,26,26,4,0,56,Employee,9855459,360282234,0,Cold Call,0,New
124,Small,IT/Software,Galle,39,41,19,0,105,C-Level,2226028,438991826,0,Trade Show,0,Qualified
125,Small,Manufacturing,Negombo,57,46,11,0,101,Employee,3085032,173970523,0,Website,0,New
126,Small,Education,Jaffna,27,29,0,0,51,Employee,3177195,343885447,0,Website,0,Qualified
127,Medium,IT/Software,Kandy,25,40,7,0,74,Manager,2426344,339007821,0,Social Media,0,New
128,Medium,Tourism,Trincomalee,62,33,0,0,171,Employee,6203807,162128471,0,Referral,0,New
129,Small,Tourism,Galle,65,36,4,0,121,Employee,1176837,446624943,0,Cold Call,0,New
130,Small,Finance,Jaffna,24,5,5,0,143,C-Level,7546633,212302187,0,Trade Show,0,New
131,Small,Healthcare,Jaffna,2,6,2,1,166,Manager,5817467,168210468,0,Website,0,Contacted
132,Small,IT/Software,Matara,71,31,14,0,143,Employee,1729040,37373559,0,Trade Show,0,New
133,Small,Education,Kandy,43,31,4,0,5,C-Level,3763289,477541913,0,Cold Call,0,New
134,Small,IT/Software,Colombo,96,24,13,0,83,Manager,3016596,240907038,0,Trade Show,0,New
135,Large,Retail,Kandy,41,32,17,1,51,Manager,8066473,221036727,0,Referral,0,Qualified
136,Small,Healthcare,Galle,98,6,15,0,10,Employee,6285941,493789938,0,Social Media,0,Qualified
137,Small,Education,Jaffna,5,11,5,0,140,Employee,4227436,380636511,1,Trade Show,0,New
138,Medium,Agriculture,Kandy,38,15,13,0,4,Manager,4966940,11254769,0,Social Media,0,Qualified
139,Small,Education,Colombo,51,15,7,0,95,Manager,3562511,428050920,1,Cold Call,0,Contacted
140,Large,Manufacturing,Matara,22,42,6,1,146,Manager,484083,300599297,1,Social Media,0,New
141,Large,Finance,Kandy,88,35,7,0,80,Employee,9020206,199742808,0,Trade Show,0,Contacted
142,Small,Manufacturing,Negombo,49,12,12,0,36,Employee,5707968,200431027,0,Trade Show,0,New
143,Small,Education,Matara,42,6,5,1,25,Manager,6869552,59983612,1,Website,0,Qualified
144,Small,Healthcare,Colombo,18,35,17,0,98,Employee,9154860,227088513,1,Trade Show,0,New
145,Small,IT/Software,Galle,68,46,1,0,164,Employee,3150798,200369513,0,Social Media,0,Negotiation
146,Small,Agriculture,Jaffna,50,8,7,0,101,Employee,2636047,161510912,1,Website,0,New
147,Medium,IT/Software,Kandy,10,31,10,1,9,Employee,6564143,16565219,1,Trade Show,0,Contacted
148,Small,Healthcare,Colombo,11,10,0,0,61,Manager,3354992,143949624,0,Trade Show,0,Proposal
149,Small,Education,Matara,73,7,5,0,53,Manager,4897663,304992395,1,Cold Call,0,New
150,Small,Tourism,Negombo,7,32,15,0,146,Employee,9184970,272088264,0,Website,0,Contacted
151,Large,IT/Software,Colombo,23,22,19,0,171,Employee,6369191,281695971,0,Cold Call,0,New
152,Small,Tourism,Kurunegala,91,24,11,0,163,Manager,3635443,14692648,1,Cold Call,0,Contacted
153,Small,IT/Software,Trincomalee,40,7,10,0,63,Employee,2032303,62498622,1,Cold Call,0,New
154,Small,IT/Software,Negombo,35,44,9,1,121,Employee,2851821,217279515,0,Referral,0,New
155,Large,Agriculture,Matara,100,21,2,0,105,C-Level,7414895,84312421,0,Cold Call,1,Contacted
156,Small,Finance,Galle,84,3,12,0,4,Employee,6625940,280312553,0,Social Media,0,Contacted
157,Medium,Finance,Jaffna,71,39,2,0,93,C-Level,526941,192916205,1,Trade Show,0,Contacted
158,Medium,Retail,Matara,54,2,14,0,169,Employee,4950224,52689941,0,Referral,0,New
159,Small,Manufacturing,Trincomalee,8,28,15,1,173,Employee,486354,372009880,1,Cold Call,0,New
160,Medium,Healthcare,Galle,46,40,12,0,178,Employee,5606336,29850620,1,Trade Show,0,Contacted
161,Small,Healthcare,Kandy,14,28,16,0,28,C-Level,1035709,441964113,0,Website,0,Contacted
162,Medium,Healthcare,Colombo,47,33,2,0,170,Employee,2585178,73242245,0,Website,0,New
163,Medium,Retail,Kurunegala,81,33,19,0,80,Employee,6479022,256444305,0,Trade Show,0,New
164,Small,Finance,Negombo,41,27,10,0,76,C-Level,5577630,307838131,0,Social Media,0,New
165,Small,Education,Negombo,59,12,18,0,116,Employee,6388893,63423631,0,Trade Show,0,New
166,Medium,Tourism,Colombo,83,14,10,1,69,Employee,2185469,489964622,0,Trade Show,0,New
167,Small,Agriculture,Kurunegala,69,22,15,1,98,Employee,1446365,348676335,0,Referral,0,New
168,Small,Tourism,Colombo,11,43,2,0,1,Manager,1236078,377744391,0,Website,0,Contacted
169,Small,Education,Kandy,1,25,5,1,167,Employee,8975206,332449612,0,Website,0,Contacted
170,Small,Agriculture,Trincomalee,6,3,13,0,96,Employee,6162825,72026294,0,Cold Call,0,New
171,Medium,Retail,Galle,79,25,17,0,17,Employee,633037,264025450,0,Trade Show,0,New
172,Small,Education,Matara,2,39,16,0,112,Employee,9073541,380338939,0,Trade Show,0,New
173,Small,Healthcare,Negombo,2,8,3,0,91,C-Level,8702541,148846712,0,Social Media,0,Contacted
174,Small,Manufacturing,Kandy,26,4,14,0,88,C-Level,9490328,463047942,0,Website,0,Proposal
175,Medium,IT/Software,Galle,39,31,10,0,163,Manager,527709,120546289,0,Social Media,0,Qualified
176,Small,Tourism,Kandy,32,19,2,0,174,Manager,8744147,140761951,1,Referral,0,Qualified
177,Medium,Finance,Kurunegala,91,49,2,0,170,Manager,7452245,163912149,0,Cold Call,0,Qualified
178,Small,Finance,Negombo,0,10,15,0,167,Employee,1850866,13992054,0,Social Media,0,New
179,Large,Retail,Matara,7,14,4,0,90,Manager,3877173,389266482,1,Website,0,New
180,Small,Agriculture,Colombo,100,31,9,0,49,Employee,6333107,443150328,0,Referral,0,Contacted
181,Small,Finance,Colombo,31,27,18,0,38,Employee,5375463,99920204,0,Trade Show,0,New
182,Small,Healthcare,Galle,47,21,3,0,151,Manager,4947384,404824942,1,Referral,0,Contacted
183,Large,Tourism,Matara,100,40,18,0,150,Employee,6471400,382177942,1,Social Media,1,Qualified
184,Medium,Education,Trincomalee,3,16,10,1,132,Manager,5334748,17702269,1,Website,0,Qualified
185,Small,Healthcare,Jaffna,93,25,1,0,177,Employee,8500728,408929269,1,Social Media,0,New
186,Medium,Retail,Kurunegala,69,43,9,0,59,Manager,724135,360770652,0,Trade Show,0,Contacted
187,Medium,Healthcare,Galle,18,6,10,1,68,Employee,4917167,464500309,0,Trade Show,0,Contacted
188,Small,Education,Jaffna,31,41,19,0,130,Manager,7831445,209511772,0,Website,0,Qualified
189,Small,Manufacturing,Kandy,8,25,15,0,49,Manager,6930707,320709743,0,Cold Call,0,Qualified
190,Small,Retail,Kurunegala,11,24,18,0,126,Employee,6206428,210350148,0,Referral,0,Negotiation
191,Small,Manufacturing,Kandy,10,9,10,1,159,Employee,4845920,362702137,1,Referral,1,New
192,Medium,IT/Software,Trincomalee,45,44,13,0,111,Employee,7262517,451139810,0,Trade Show,0,Contacted
193,Large,Manufacturing,Matara,15,18,1,0,168,Employee,5888773,111562806,0,Social Media,0,New
194,Medium,IT/Software,Negombo,0,10,4,0,48,Manager,7617475,392047634,1,Social Media,0,New
195,Small,IT/Software,Kurunegala,62,12,4,0,51,C-Level,7023985,24876708,1,Cold Call,0,Proposal
196,Small,Manufacturing,Jaffna,20,7,18,0,43,Employee,9322638,229941382,0,Social Media,0,Negotiation
197,Medium,Retail,Trincomalee,29,39,11,0,98,Manager,6201570,96771298,1,Referral,0,New
198,Medium,Agriculture,Negombo,12,3,17,0,177,Manager,8132304,268780780,1,Social Media,0,New
199,Medium,Education,Colombo,33,46,3,1,124,Employee,2366598,79247052,0,Cold Call,0,New
200,Medium,Healthcare,Jaffna,3,30,16,1,80,Manager,1876238,248566473,0,Referral,0,Qualified
201,Medium,Healthcare,Galle,27,27,9,0,111,Manager,8551392,346752129,0,Social Media,1,New
202,Small,Education,Colombo,94,10,19,1,143,Employee,5227736,33092869,0,Referral,0,New
203,Small,Tourism,Trincomalee,58,42,5,0,27,Employee,5997162,133390727,0,Trade Show,0,New
204,Medium,Tourism,Colombo,26,0,13,0,158,Employee,6608676,165479203,1,Trade Show,0,Contacted
205,Medium,IT/Software,Galle,68,48,10,0,164,C-Level,5010662,19057496,1,Trade Show,0,Proposal
206,Small,IT/Software,Kurunegala,24,46,10,1,113,C-Level,2095127,58789099,1,Social Media,0,New
207,Small,Retail,Colombo,2,37,17,1,86,Manager,7876604,56878459,1,Cold Call,0,Contacted
208,Medium,Finance,Matara,96,23,17,0,114,Employee,9997442,159122414,1,Referral,0,New
209,Small,Manufacturing,Jaffna,67,46,10,1,124,Employee,1135108,300574311,0,Website,0,Contacted
210,Small,IT/Software,Negombo,24,30,11,0,49,Employee,578365,188399686,0,Trade Show,0,Qualified
211,Small,Healthcare,Colombo,19,40,4,1,76,Employee,5256371,491555053,1,Trade Show,0,New
212,Medium,Retail,Jaffna,33,45,8,1,55,Manager,2174242,106649814,0,Website,0,New
213,Medium,Manufacturing,Kandy,25,49,8,0,56,C-Level,5332761,395855634,0,Website,0,Qualified
214,Small,Retail,Jaffna,4,25,9,0,95,C-Level,5222969,440935277,0,Social Media,0,New
215,Medium,Manufacturing,Negombo,98,48,18,0,44,Manager,594209,212391573,1,Referral,0,Contacted
216,Small,Manufacturing,Jaffna,60,49,0,0,159,Employee,9102006,2279372,0,Trade Show,0,New
217,Small,Education,Galle,91,4,6,0,87,Employee,1634230,105758524,1,Cold Call,0,New
218,Medium,IT/Software,Trincomalee,92,19,3,0,84,Employee,6656410,232502356,0,Social Media,0,Qualified
219,Medium,Agriculture,Negombo,8,40,0,1,151,Manager,5551151,350717248,0,Social Media,0,Qualified
220,Medium,Retail,Trincomalee,49,10,14,0,156,Manager,951980,73875898,0,Cold Call,0,Contacted
221,Medium,Agriculture,Kurunegala,5,32,7,0,16,Employee,1866299,211163602,1,Cold Call,1,New
222,Small,Retail,Trincomalee,82,49,11,1,165,Employee,4120018,59434940,0,Cold Call,0,Contacted
223,Small,Education,Kandy,59,37,17,1,149,Employee,6791891,406103035,1,Website,0,Contacted
224,Small,Healthcare,Galle,43,26,14,0,145,Employee,6986608,343051872,0,Trade Show,0,Contacted
225,Small,Agriculture,Kurunegala,10,33,16,1,37,Employee,7558403,232444739,0,Website,0,Qualified
226,Small,Healthcare,Jaffna,65,14,13,0,77,Employee,1762656,445878057,0,Trade Show,0,New
227,Large,Tourism,Negombo,46,31,13,1,147,Employee,4994097,118097986,0,Website,0,Contacted
228,Small,IT/Software,Kandy,72,20,17,0,158,Manager,5409068,254194074,0,Referral,0,Contacted
229,Medium,IT/Software,Galle,84,45,19,0,45,Employee,9723207,439650163,0,Trade Show,0,New
230,Medium,Finance,Kurunegala,87,4,17,0,146,Employee,5056780,337781288,1,Social Media,0,Qualified
231,Medium,Education,Kurunegala,97,5,15,0,62,Employee,9049454,4078882,0,Trade Show,0,New
232,Small,Healthcare,Kandy,85,37,0,0,164,Employee,4423242,95034715,0,Trade Show,0,New
233,Small,Manufacturing,Matara,2,21,10,0,100,Employee,9683915,266658437,1,Trade Show,0,Negotiation
234,Small,Retail,Jaffna,75,17,14,0,52,Employee,2971712,455505925,0,Referral,0,New
235,Small,IT/Software,Kandy,91,13,11,1,19,Employee,7003538,170760182,0,Website,0,New
236,Medium,Agriculture,Kurunegala,29,9,7,0,109,Employee,955656,241162616,0,Social Media,0,Contacted
237,Small,Retail,Colombo,89,45,19,0,44,Manager,6917123,467349419,0,Website,0,Negotiation
238,Small,Retail,Galle,20,12,5,0,7,Employee,3666568,265477654,0,Website,0,Negotiation
239,Medium,Finance,Kandy,27,30,2,0,172,Manager,4779020,58868029,1,Cold Call,0,Contacted
240,Small,Healthcare,Matara,89,29,12,1,117,Employee,1892363,84149280,0,Referral,1,New
241,Large,IT/Software,Kurunegala,61,2,12,1,68,Employee,738922,163436239,0,Cold Call,0,Proposal
242,Large,Retail,Jaffna,32,29,1,0,34,Employee,877867,218599998,0,Referral,0,Contacted
243,Large,IT/Software,Trincomalee,84,5,4,0,69,Employee,3166461,339738116,1,Website,0,New
244,Small,Manufacturing,Kurunegala,34,28,16,1,55,C-Level,5856911,479244264,0,Website,0,Qualified
245,Small,Finance,Jaffna,51,7,5,0,10,Manager,1802424,196594985,1,Referral,0,New
246,Large,Manufacturing,Kandy,33,43,1,1,42,C-Level,4275252,281103756,1,Website,0,New
247,Small,IT/Software,Jaffna,40,44,3,0,41,C-Level,1285560,294569710,1,Website,0,Qualified
248,Large,Tourism,Negombo,50,42,10,1,122,Manager,8116906,496214411,1,Social Media,0,Contacted
249,Large,Agriculture,Negombo,46,43,7,0,138,Employee,6609887,27757444,0,Cold Call,0,New
250,Medium,IT/Software,Negombo,81,32,11,0,10,Employee,9434909,460523940,1,Cold Call,0,New
251,Small,Healthcare,Matara,57,16,7,1,102,C-Level,967838,497981662,0,Cold Call,0,Contacted
252,Small,Retail,Matara,74,47,10,0,128,Manager,1157880,406702491,1,Trade Show,1,New
253,Medium,Retail,Colombo,56,10,19,0,179,Employee,3187714,450119005,0,Social Media,0,New
254,Small,Manufacturing,Matara,22,12,7,0,149,Manager,3578192,28729937,1,Cold Call,0,Contacted
255,Small,Agriculture,Trincomalee,47,49,7,0,136,Employee,8956832,30859883,0,Cold Call,0,Proposal
256,Small,Finance,Kandy,21,10,16,0,92,Employee,9795674,406455002,0,Social Media,0,Contacted
257,Large,Tourism,Kurunegala,16,30,19,0,113,Employee,5700068,90805666,1,Website,0,Qualified
258,Medium,Education,Kurunegala,68,27,19,0,78,Manager,8251656,491584985,0,Cold Call,0,Qualified
259,Small,Agriculture,Colombo,10,43,15,0,85,Manager,885890,422293432,0,Website,0,Qualified
260,Small,Retail,Matara,93,5,13,1,30,Employee,9410837,173716774,0,Cold Call,0,New
261,Medium,Healthcare,Trincomalee,14,40,10,0,49,Employee,4906799,243733040,1,Referral,0,Proposal
262,Large,Agriculture,Jaffna,90,15,6,0,9,Employee,8153024,495313330,0,Trade Show,0,Contacted
263,Small,Manufacturing,Colombo,34,3,15,0,145,Manager,8686625,445077883,0,Cold Call,0,New
264,Small,Manufacturing,Trincomalee,32,34,12,0,69,Employee,3843757,457074641,0,Referral,0,New
265,Medium,Education,Jaffna,83,47,14,0,58,Employee,5359245,243700512,0,Social Media,0,Qualified
266,Medium,Healthcare,Trincomalee,15,25,15,0,62,Employee,5146528,363934488,1,Referral,0,New
267,Medium,Finance,Jaffna,33,11,8,0,52,Employee,7111673,451620983,1,Social Media,1,New
268,Medium,Agriculture,Galle,65,10,2,0,40,Employee,2968921,484225630,0,Cold Call,0,Qualified
269,Small,Healthcare,Trincomalee,98,36,18,0,166,Manager,8277039,69487012,0,Social Media,0,Proposal
270,Small,Finance,Kurunegala,39,24,19,0,171,Employee,3103225,373143162,1,Referral,0,Contacted
271,Medium,Healthcare,Negombo,27,17,4,0,63,Manager,5737291,16005563,0,Trade Show,1,New
272,Medium,Healthcare,Matara,46,18,9,0,147,Employee,5134253,282480544,0,Website,0,New
273,Medium,IT/Software,Jaffna,38,22,16,0,50,Employee,4328316,122502630,0,Website,0,Contacted
274,Large,Manufacturing,Galle,69,37,14,0,161,Employee,9155383,133903356,0,Trade Show,1,New
275,Small,Agriculture,Trincomalee,72,17,7,1,141,Manager,3678478,303228714,0,Website,0,Contacted
276,Small,Healthcare,Kurunegala,19,25,14,0,78,C-Level,8172590,287930026,0,Cold Call,0,New
277,Medium,Agriculture,Negombo,0,5,13,0,97,C-Level,6026983,26916606,0,Cold Call,0,Proposal
278,Medium,Education,Jaffna,71,3,19,0,43,Employee,6423617,449497631,0,Referral,0,Contacted
279,Medium,Healthcare,Trincomalee,86,43,6,0,177,Employee,554529,337026129,1,Referral,0,New
280,Medium,Retail,Trincomalee,62,28,11,0,36,Manager,9600374,27400656,0,Social Media,0,Proposal
281,Medium,Manufacturing,Jaffna,66,33,16,0,122,Manager,7686288,177034529,1,Referral,0,New
282,Small,Retail,Colombo,3,16,16,1,108,Employee,7361511,159279334,0,Cold Call,0,New
283,Small,Agriculture,Colombo,57,42,9,0,10,Manager,9027811,388694150,1,Referral,0,Qualified
284,Small,Agriculture,Kurunegala,24,42,18,1,95,Employee,1411629,441574825,1,Website,0,New
285,Small,Manufacturing,Negombo,46,15,13,0,6,Employee,1000542,244663413,1,Social Media,0,Contacted
286,Small,Agriculture,Jaffna,37,1,10,0,57,Employee,4054780,330161972,1,Social Media,0,New
287,Small,Retail,Kurunegala,14,33,1,0,129,Employee,3045759,450857506,0,Cold Call,0,New
288,Small,Healthcare,Kurunegala,62,7,17,0,71,Employee,8783376,459401629,0,Referral,0,New
289,Small,Healthcare,Kandy,20,12,6,0,21,Employee,3452921,235432587,0,Website,0,Qualified
290,Small,IT/Software,Trincomalee,98,41,11,0,92,Employee,161264,297759842,0,Referral,0,Contacted
291,Small,Education,Matara,56,7,1,0,127,Employee,5194502,255347530,0,Trade Show,0,New
292,Small,Agriculture,Trincomalee,52,29,19,1,80,Employee,2559507,370135932,1,Referral,0,New
293,Medium,Retail,Colombo,45,31,17,1,56,Manager,3552097,266686827,0,Cold Call,0,Proposal
294,Small,Agriculture,Negombo,13,35,5,0,116,Employee,7392306,261680824,0,Referral,0,Negotiation
295,Small,Agriculture,Trincomalee,99,46,9,0,148,Employee,1318284,75655555,1,Social Media,0,Contacted
296,Small,Finance,Jaffna,75,29,19,0,25,Employee,7188727,409264728,0,Website,0,Qualified
297,Medium,IT/Software,Kurunegala,16,0,14,0,156,C-Level,3180202,130772975,0,Cold Call,0,Qualified
298,Small,Retail,Jaffna,38,42,4,0,5,Employee,6102874,325137119,1,Trade Show,0,New
299,Medium,Retail,Kandy,8,38,19,0,120,Employee,7618933,3251347,0,Website,0,New
300,Small,Agriculture,Negombo,98,16,2,0,21,Employee,5483182,166209201,0,Website,0,New
301,Small,IT/Software,Kurunegala,76,19,4,0,18,Manager,4788827,274227486,1,Social Media,1,Qualified
302,Small,Healthcare,Jaffna,78,23,7,1,175,Employee,6617320,349763011,1,Social Media,0,Qualified
303,Small,Retail,Colombo,81,49,7,0,57,Employee,5892819,154614837,1,Social Media,0,Qualified
304,Medium,Healthcare,Matara,96,21,7,1,93,Employee,9110815,7702245,0,Cold Call,0,New
305,Medium,IT/Software,Kandy,5,28,11,0,19,Employee,7742139,122232372,1,Referral,0,Contacted
306,Large,Healthcare,Negombo,90,21,7,0,128,Manager,9130672,143963390,0,Website,0,Qualified
307,Small,Manufacturing,Kandy,22,43,10,0,97,Manager,965630,159391470,0,Referral,0,Proposal
308,Small,Finance,Colombo,58,8,13,0,131,Manager,5487691,347435584,0,Referral,0,New
309,Medium,Tourism,Negombo,90,36,7,0,170,Manager,4425001,355203522,0,Social Media,0,Qualified
310,Small,Retail,Kandy,97,9,9,0,21,Employee,3072881,454974756,0,Referral,0,New
311,Small,Education,Galle,45,35,6,0,40,Employee,8201294,133500565,0,Website,1,Qualified
312,Small,Finance,Colombo,37,36,16,0,67,Manager,9798597,288178301,0,Website,0,Contacted
313,Small,Tourism,Colombo,13,27,3,0,153,Employee,8657286,381315967,0,Trade Show,0,New
314,Large,Healthcare,Colombo,99,27,12,0,127,Manager,5911303,35657680,1,Cold Call,0,Qualified
315,Medium,Retail,Galle,71,41,3,0,55,Employee,5379947,413676477,0,Referral,0,New
316,Medium,Healthcare,Galle,61,42,4,0,172,Employee,9464532,156258472,0,Cold Call,0,Qualified
317,Small,Manufacturing,Jaffna,34,20,3,0,109,Manager,9292397,294428541,0,Cold Call,0,New
318,Small,IT/Software,Kurunegala,18,23,17,0,98,Manager,8659531,480180578,0,Cold Call,0,Qualified
319,Small,Retail,Matara,29,41,5,1,112,Manager,400406,278058809,0,Cold Call,0,Proposal
320,Small,Tourism,Kandy,77,39,1,0,115,Employee,617961,451942476,0,Website,0,New
321,Small,Tourism,Jaffna,83,1,10,0,117,Manager,1135598,289796322,0,Referral,0,Contacted
322,Medium,Manufacturing,Kandy,24,7,13,0,87,Employee,2611902,29964394,1,Trade Show,0,Contacted
323,Medium,Manufacturing,Matara,39,47,4,0,81,Employee,7269158,386213313,0,Cold Call,1,New
324,Small,Agriculture,Kurunegala,87,26,5,0,66,C-Level,3740377,238244343,0,Trade Show,0,Contacted
325,Large,Retail,Galle,13,21,9,0,19,Manager,263944,304808110,0,Website,0,Qualified
326,Medium,Healthcare,Kurunegala,25,36,7,0,135,Employee,3122345,398099724,0,Website,0,Proposal
327,Small,Education,Galle,86,26,13,1,118,Manager,3069852,492949951,0,Social Media,0,Proposal
328,Medium,Tourism,Matara,21,28,2,0,42,Employee,8050630,445407039,0,Cold Call,0,Contacted
329,Small,Tourism,Kurunegala,47,2,11,0,42,Employee,5824827,353885042,0,Social Media,0,Qualified
330,Small,Manufacturing,Jaffna,82,43,15,0,59,Employee,6900541,144122065,1,Trade Show,0,Qualified
331,Small,Finance,Negombo,50,12,16,1,20,C-Level,4856004,163295596,1,Referral,1,Contacted
332,Medium,Manufacturing,Jaffna,2,44,0,0,73,Employee,1458454,59582691,0,Social Media,0,New
333,Small,Education,Kandy,41,9,9,0,17,Manager,7789969,229576221,1,Website,0,Contacted
334,Small,Healthcare,Jaffna,18,35,9,0,27,Employee,3971018,90159977,0,Cold Call,0,Qualified
335,Small,Healthcare,Matara,72,8,1,1,175,Manager,9559412,314491688,1,Trade Show,0,Contacted
336,Small,Finance,Colombo,27,26,8,1,2,Employee,6512083,1354182,0,Website,0,Qualified
337,Medium,Tourism,Kandy,83,33,12,0,63,Manager,7975639,173914958,0,Referral,0,New
338,Medium,Manufacturing,Kurunegala,44,0,15,1,62,Employee,5110281,372739707,1,Cold Call,0,Negotiation
339,Small,Agriculture,Kandy,70,31,17,1,100,Manager,7798812,197506919,1,Referral,0,Contacted
340,Small,Healthcare,Negombo,77,24,18,0,19,C-Level,6907643,53829650,1,Referral,0,Qualified
341,Small,Education,Galle,62,28,11,0,17,Manager,5310558,44985572,0,Cold Call,0,New
342,Small,Retail,Kurunegala,72,6,7,0,69,Employee,6059996,199079169,1,Cold Call,0,New
343,Small,IT/Software,Trincomalee,18,48,16,1,167,C-Level,2489911,305906473,1,Referral,0,Qualified
344,Small,IT/Software,Kandy,46,2,14,0,117,Employee,8240210,153569199,0,Trade Show,0,Negotiation
345,Small,IT/Software,Kurunegala,13,19,9,1,81,Manager,1826681,142229750,0,Cold Call,0,New
346,Medium,Agriculture,Kurunegala,37,19,14,0,39,Manager,6654845,457764236,0,Website,0,New
347,Medium,Tourism,Kurunegala,52,29,14,0,36,Employee,217408,157542183,1,Social Media,0,New
348,Small,Manufacturing,Galle,60,34,6,0,168,Employee,736431,49838504,0,Trade Show,0,New
349,Small,Finance,Trincomalee,35,34,12,0,173,Employee,3535504,30649386,0,Cold Call,0,New
350,Medium,Agriculture,Matara,39,48,16,1,132,Employee,9287896,308900010,0,Cold Call,0,Qualified
351,Small,Agriculture,Jaffna,80,38,8,1,153,Manager,1336541,148700214,0,Trade Show,0,Proposal
352,Medium,Healthcare,Kurunegala,29,26,7,1,158,Employee,2136721,238650809,0,Social Media,0,New
353,Medium,Retail,Colombo,8,25,19,0,29,Employee,6187494,172286238,0,Referral,0,Contacted
354,Small,Agriculture,Matara,63,13,17,0,51,Employee,6263185,315094159,1,Website,0,New
355,Small,Education,Negombo,32,16,12,0,152,Employee,8806406,63341865,0,Cold Call,0,New
356,Medium,Retail,Galle,51,17,15,0,14,Employee,9739830,40517564,1,Social Media,0,New
357,Small,Education,Kandy,88,44,8,0,69,Manager,8979391,322431223,0,Website,1,Contacted
358,Small,Tourism,Galle,13,28,11,0,146,Employee,5136117,10699755,0,Trade Show,0,New
359,Large,Manufacturing,Kandy,74,19,11,0,170,Manager,1207177,118144248,0,Cold Call,0,Contacted
360,Small,IT/Software,Galle,52,26,5,1,57,Employee,9275404,286080197,0,Referral,0,New
361,Small,Agriculture,Kandy,98,17,18,0,12,Employee,5508520,422528351,0,Trade Show,0,New
362,Medium,Manufacturing,Kurunegala,58,3,6,0,17,Manager,4759014,249830315,1,Cold Call,0,New
363,Small,Tourism,Jaffna,77,0,2,0,30,Employee,8170024,296137481,0,Social Media,0,Proposal
364,Small,Finance,Kandy,93,49,15,0,88,Employee,5612460,237460913,0,Website,0,Qualified
365,Large,Finance,Trincomalee,40,0,17,0,99,Employee,3594585,412580561,0,Website,0,Proposal
366,Small,Tourism,Kandy,67,25,15,1,23,Employee,2092834,471049603,0,Cold Call,0,New
367,Large,Education,Colombo,67,44,6,1,129,Employee,5406175,464174270,1,Trade Show,0,New
368,Large,Healthcare,Kandy,91,19,3,1,79,Employee,5748734,206102536,0,Referral,0,New
369,Small,Healthcare,Colombo,7,22,7,1,32,Employee,5294914,37298886,0,Social Media,0,New
370,Small,Education,Negombo,1,9,12,0,9,Employee,4816302,429227185,0,Cold Call,0,Qualified
371,Small,Finance,Kurunegala,85,10,12,0,15,Employee,2573055,384145223,0,Social Media,0,New
372,Small,Finance,Colombo,40,40,16,0,156,Employee,1427877,114760319,0,Website,0,New
373,Small,Agriculture,Jaffna,54,40,16,0,152,Employee,7616669,138415146,0,Referral,0,Contacted
374,Medium,Finance,Matara,15,4,4,0,163,Employee,7116812,280945256,0,Social Media,0,Contacted
375,Small,Manufacturing,Kurunegala,92,0,5,0,27,C-Level,2787328,339332967,0,Cold Call,0,Negotiation
376,Small,Finance,Colombo,61,16,18,0,109,Employee,6578623,74333762,0,Referral,0,New
377,Medium,Retail,Kurunegala,47,21,12,0,76,Manager,1999955,477140432,1,Trade Show,0,Contacted
378,Small,Agriculture,Trincomalee,29,33,13,0,148,Employee,4298811,153565441,0,Cold Call,0,New
379,Medium,IT/Software,Kurunegala,11,44,3,0,65,C-Level,6232446,188241581,1,Social Media,0,Negotiation
380,Small,Finance,Kurunegala,34,40,6,0,177,Employee,772225,67346204,1,Referral,0,Contacted
381,Small,Education,Negombo,10,28,7,0,109,C-Level,3610463,124600241,0,Cold Call,0,Contacted
382,Medium,IT/Software,Jaffna,63,3,12,0,129,Manager,9928942,261852079,0,Referral,0,New
383,Medium,Manufacturing,Galle,49,4,5,0,10,Employee,3170610,52754419,0,Referral,0,Qualified
384,Medium,Education,Galle,84,10,5,0,47,Manager,8886301,427376085,1,Referral,0,New
385,Medium,IT/Software,Colombo,20,20,2,0,123,Employee,3832238,96443971,0,Social Media,0,Contacted
386,Medium,Education,Kurunegala,68,34,2,1,59,Employee,2072613,59550264,0,Cold Call,0,Proposal
387,Small,Manufacturing,Colombo,47,11,12,0,96,Manager,8406931,193278771,0,Website,1,Negotiation
388,Small,Agriculture,Negombo,19,25,1,0,103,C-Level,3435705,177049029,1,Website,0,Contacted
389,Medium,Retail,Negombo,100,18,15,0,124,Employee,5512049,233132773,0,Social Media,0,Qualified
390,Medium,Manufacturing,Kandy,66,44,5,0,86,Employee,1444091,354176970,0,Social Media,0,New
391,Large,Manufacturing,Trincomalee,43,6,7,1,146,Manager,504470,403961881,0,Referral,0,Qualified
392,Small,Education,Negombo,32,46,7,0,112,Manager,4429394,214126160,0,Cold Call,0,Contacted
393,Small,Agriculture,Kandy,72,6,5,0,174,Manager,891624,55047447,0,Cold Call,0,Contacted
394,Medium,Tourism,Jaffna,60,25,13,0,160,Manager,7179903,56051355,1,Trade Show,0,Proposal
395,Small,Healthcare,Colombo,8,39,2,0,27,Employee,5188890,276714530,1,Trade Show,0,Qualified
396,Large,Finance,Matara,67,4,9,0,18,C-Level,1701207,450514014,1,Website,1,New
397,Medium,Finance,Jaffna,34,20,2,0,167,Employee,5348709,313020469,0,Trade Show,0,Qualified
398,Small,Retail,Negombo,80,13,11,0,177,Employee,3095035,460017122,0,Trade Show,0,New
399,Medium,Retail,Jaffna,97,3,16,0,82,Employee,6303690,366275535,0,Website,0,Qualified
400,Medium,Finance,Jaffna,87,22,4,0,172,Employee,584427,38758158,0,Website,0,Qualified
401,Small,Healthcare,Trincomalee,95,41,19,0,72,Employee,4058905,82963626,0,Trade Show,0,New
402,Large,Finance,Trincomalee,64,19,8,0,54,Manager,4183372,301506257,0,Cold Call,0,Qualified
403,Small,Tourism,Trincomalee,7,14,19,0,162,Employee,1209229,287055278,0,Trade Show,0,Contacted
404,Medium,Healthcare,Jaffna,44,49,6,0,71,Employee,3993623,459717284,0,Referral,0,Contacted
405,Small,Retail,Negombo,86,44,3,0,164,Manager,6291081,109041071,0,Referral,0,New
406,Medium,IT/Software,Matara,46,28,12,0,146,Employee,2189884,306861437,1,Referral,0,New
407,Small,Education,Kurunegala,39,7,12,1,38,Employee,4304099,110502319,0,Social Media,0,Qualified
408,Small,Tourism,Jaffna,75,40,9,0,137,Employee,8409740,325402416,1,Referral,0,New
409,Large,Tourism,Kandy,53,47,17,0,179,C-Level,7373820,16333352,1,Cold Call,0,Contacted
410,Small,Agriculture,Negombo,75,18,16,0,35,Employee,4921699,109388250,0,Social Media,0,Qualified
411,Small,Retail,Jaffna,45,47,19,0,82,Employee,6705129,222803254,0,Social Media,0,New
412,Large,Retail,Matara,46,38,19,0,133,Employee,6272056,323990242,0,Referral,0,Contacted
413,Large,Manufacturing,Kurunegala,14,45,12,0,142,Employee,1596030,286761395,1,Trade Show,0,Contacted
414,Small,Tourism,Trincomalee,18,27,16,0,158,Employee,111009,356554476,0,Website,0,Qualified
415,Medium,Manufacturing,Negombo,25,45,3,1,4,Employee,4472472,497556533,1,Trade Show,0,New
416,Small,Manufacturing,Galle,51,26,0,0,167,Employee,1823480,464907362,0,Trade Show,0,Contacted
417,Small,Education,Kurunegala,92,3,0,0,153,C-Level,8413264,425203547,1,Social Media,1,New
418,Small,Manufacturing,Kandy,21,14,14,1,156,Employee,3799397,93360038,1,Social Media,1,Qualified
419,Medium,Healthcare,Jaffna,20,34,12,0,150,Employee,2091367,349141948,0,Social Media,0,New
420,Medium,Finance,Matara,50,36,16,1,159,Employee,5669634,463482277,0,Cold Call,1,Negotiation
421,Medium,IT/Software,Galle,37,0,7,0,23,Employee,8818936,496872904,0,Cold Call,0,Contacted
422,Medium,Retail,Matara,19,2,17,1,48,Manager,4509013,104548875,0,Website,0,Proposal
423,Small,Healthcare,Galle,28,46,12,0,148,Employee,2808668,34052558,0,Social Media,0,Contacted
424,Small,IT/Software,Negombo,50,23,13,0,125,Employee,5153679,174684244,1,Referral,0,New
425,Small,Tourism,Galle,3,26,7,1,166,Manager,1100294,43635059,0,Social Media,0,Proposal
426,Small,Tourism,Kandy,54,39,7,0,55,Employee,5758307,142573282,1,Cold Call,0,New
427,Small,Tourism,Kandy,70,35,14,0,68,Employee,9435592,331800105,1,Social Media,0,New
428,Medium,Healthcare,Colombo,91,33,12,0,88,Employee,8274244,321207456,0,Cold Call,0,New
429,Small,Healthcare,Kandy,27,28,6,0,1,Employee,2385362,413950834,1,Social Media,0,Negotiation
430,Small,Retail,Kurunegala,3,23,4,0,135,Employee,2942894,137095058,0,Referral,0,Contacted
431,Small,Finance,Galle,21,23,16,0,95,Employee,8665873,83118710,1,Website,0,Contacted
432,Medium,Agriculture,Kandy,75,41,15,0,140,Employee,7960791,39636502,0,Referral,0,Qualified
433,Medium,Manufacturing,Negombo,44,3,1,0,106,Manager,3136773,229204876,0,Cold Call,0,Contacted
434,Small,Tourism,Matara,66,2,17,0,133,Employee,4484432,446151358,0,Trade Show,0,Qualified
435,Small,Education,Trincomalee,85,33,16,0,108,Employee,1790792,190603755,0,Referral,0,New
436,Medium,Finance,Matara,65,48,6,0,178,Employee,1731570,192818432,0,Social Media,0,Qualified
437,Small,Education,Colombo,87,22,12,0,42,Employee,4873598,256805276,0,Website,0,New
438,Medium,Retail,Matara,33,22,17,0,102,Employee,1760102,23985303,0,Social Media,0,New
439,Medium,Retail,Galle,90,44,13,0,124,C-Level,1611710,182690191,1,Social Media,1,Contacted
440,Small,Retail,Colombo,54,4,17,0,140,Manager,7376281,198862808,0,Referral,0,Contacted
441,Small,IT/Software,Galle,0,30,12,0,103,C-Level,9320838,263367734,0,Website,0,Contacted
442,Large,Education,Negombo,71,40,10,0,146,Manager,916609,85934358,0,Trade Show,0,New
443,Small,Finance,Colombo,86,5,15,1,74,Employee,4684470,377134235,1,Social Media,0,New
444,Small,Agriculture,Jaffna,37,36,16,0,108,Employee,6907087,240123919,1,Website,0,Contacted
445,Medium,Finance,Kurunegala,5,9,7,0,122,Employee,4162316,25269034,0,Trade Show,0,Contacted
446,Large,Healthcare,Kurunegala,85,39,18,0,17,Employee,5687239,190767351,0,Social Media,0,New
447,Large,Healthcare,Galle,24,6,19,1,71,C-Level,1755464,163827301,0,Website,0,Contacted
448,Medium,Tourism,Matara,81,38,14,1,62,Employee,9895427,462457546,0,Referral,0,New
449,Small,Agriculture,Trincomalee,16,37,8,0,41,Manager,8477114,162034434,1,Social Media,0,New
450,Small,Healthcare,Trincomalee,60,20,19,0,119,Employee,8456164,246728782,0,Social Media,0,New
451,Medium,Retail,Jaffna,11,19,9,1,162,Manager,978835,212740416,1,Website,0,Proposal
452,Small,Finance,Colombo,5,2,11,0,45,C-Level,9112186,236045510,0,Social Media,1,Qualified
453,Small,Education,Jaffna,89,21,19,0,58,Manager,7656142,11082304,1,Trade Show,0,New
454,Large,Retail,Jaffna,26,46,0,0,179,Manager,3377560,469275760,0,Social Media,0,Contacted
455,Small,IT/Software,Matara,7,3,19,0,126,Employee,3269870,82519304,1,Cold Call,0,Qualified
456,Small,Healthcare,Trincomalee,82,27,8,1,162,Manager,5188268,239727580,1,Trade Show,0,Contacted
457,Small,Retail,Colombo,64,11,14,1,44,C-Level,7379995,309249113,1,Website,0,Qualified
458,Small,Retail,Negombo,56,37,0,0,15,Manager,6522892,421157868,0,Trade Show,0,New
459,Small,IT/Software,Matara,92,35,11,0,78,Manager,2479093,489603882,0,Cold Call,0,Qualified
460,Small,Manufacturing,Jaffna,98,46,2,1,70,Manager,5580283,80784284,0,Cold Call,0,Contacted
461,Small,Finance,Jaffna,39,40,10,0,178,Manager,2860451,155449651,0,Social Media,0,New
462,Medium,Education,Negombo,13,4,1,0,101,Employee,9185997,465189285,0,Social Media,0,Contacted
463,Medium,Tourism,Jaffna,34,12,15,1,160,Manager,6469553,99084320,0,Referral,0,Negotiation
464,Small,Manufacturing,Jaffna,47,22,8,0,3,Employee,6532975,264042886,0,Trade Show,0,Qualified
465,Large,Healthcare,Jaffna,83,49,14,0,86,Employee,4341244,374971339,0,Referral,1,Contacted
466,Small,Retail,Kurunegala,55,29,11,0,74,Employee,4004840,417400734,0,Cold Call,0,New
467,Small,Agriculture,Matara,48,36,0,1,51,Employee,3920730,230568927,0,Social Media,0,Contacted
468,Medium,IT/Software,Kandy,12,24,12,0,67,Employee,2948411,162286005,0,Social Media,0,New
469,Small,IT/Software,Matara,60,47,13,0,76,Employee,3444443,342828499,0,Social Media,0,New
470,Large,Agriculture,Negombo,48,26,7,0,93,Employee,9545112,284488118,0,Website,0,Contacted
471,Small,Finance,Jaffna,45,13,7,1,176,Employee,2544149,281878130,0,Cold Call,0,Proposal
472,Large,Manufacturing,Matara,61,47,11,1,145,Employee,7030358,276349584,1,Social Media,0,Qualified
473,Small,Tourism,Kurunegala,7,46,0,0,7,Manager,2314669,46811747,1,Cold Call,0,New
474,Medium,Finance,Trincomalee,42,35,10,0,13,C-Level,7596121,37353090,1,Social Media,0,Contacted
475,Small,Agriculture,Negombo,19,38,7,0,120,Manager,2054702,444869824,1,Trade Show,0,Proposal
476,Large,Retail,Galle,96,15,9,1,66,C-Level,9588077,455409073,0,Cold Call,0,Qualified
477,Small,Agriculture,Matara,89,21,18,0,4,Manager,9675779,488442074,0,Referral,0,Qualified
478,Small,Finance,Galle,38,20,10,1,138,Employee,3033361,16221492,0,Website,0,Negotiation
479,Large,Education,Jaffna,84,20,6,0,88,Manager,521655,97733806,0,Referral,0,Qualified
480,Small,IT/Software,Kurunegala,48,7,10,1,17,Manager,5423940,409194727,0,Cold Call,0,New
481,Medium,IT/Software,Kurunegala,63,48,16,1,52,Employee,899717,189263904,0,Social Media,0,New
482,Medium,Healthcare,Matara,61,15,0,0,134,Employee,5747069,408822803,0,Cold Call,0,Negotiation
483,Small,Healthcare,Negombo,53,30,7,1,69,Manager,2582266,309384909,0,Website,0,Contacted
484,Medium,Agriculture,Negombo,8,41,5,0,137,Employee,1021806,444169123,1,Cold Call,0,New
485,Small,Tourism,Kurunegala,87,9,17,0,21,Manager,5065440,83680516,0,Social Media,0,Contacted
486,Large,Retail,Negombo,36,31,5,0,24,Employee,9279651,319408150,0,Referral,0,Qualified
487,Small,Education,Kurunegala,48,33,4,0,4,Employee,7973692,416422060,0,Trade Show,0,Negotiation
488,Small,Manufacturing,Matara,40,8,12,0,152,Employee,1293728,440903227,0,Referral,0,New
489,Large,Finance,Kandy,16,16,18,0,3,Employee,5161354,375529911,0,Social Media,0,Contacted
490,Medium,Tourism,Kurunegala,87,10,7,0,68,Employee,7011957,161429646,1,Social Media,0,Proposal
491,Small,Retail,Galle,20,31,8,0,101,Manager,1604329,54724037,0,Website,0,New
492,Medium,Healthcare,Negombo,50,9,16,0,168,Manager,1877850,302105824,0,Cold Call,0,New
493,Small,Agriculture,Kurunegala,58,21,2,0,176,Manager,6786269,486915154,0,Cold Call,0,Proposal
494,Small,Finance,Kurunegala,38,16,18,0,54,Employee,635888,42906302,0,Referral,0,Contacted
495,Small,Healthcare,Matara,54,3,10,0,35,Manager,7257303,436419340,1,Trade Show,0,Contacted
496,Small,Agriculture,Negombo,40,47,16,0,56,Employee,4018446,367192668,0,Trade Show,0,Contacted
497,Small,Finance,Kandy,38,46,18,0,108,Employee,7071631,470607365,1,Website,0,New
498,Small,Manufacturing,Matara,12,24,1,0,40,Employee,2302888,60453134,1,Social Media,0,Proposal
499,Large,Retail,Kandy,63,20,7,1,68,Employee,6803562,432038927,1,Website,0,New
500,Large,Finance,Trincomalee,10,36,18,1,46,Employee,2652192,208551767,0,Cold Call,0,New
501,Medium,Education,Matara,18,37,6,0,78,Employee,8624405,488540886,0,Social Media,0,New
502,Small,Tourism,Negombo,10,48,16,1,141,Manager,1824620,272681775,0,Website,0,New
503,Small,IT/Software,Colombo,76,0,5,1,155,Manager,5269719,69745481,0,Referral,0,Qualified
504,Medium,Education,Negombo,45,24,18,1,6,Employee,4930165,99021045,1,Cold Call,0,Qualified
505,Medium,Education,Negombo,44,35,5,0,17,Employee,6666692,113782440,1,Trade Show,0,Proposal
506,Small,Tourism,Kandy,0,16,1,1,164,Employee,458062,364073448,1,Website,1,Contacted
507,Large,IT/Software,Kandy,39,40,5,0,99,Employee,7348730,168161264,1,Cold Call,0,Qualified
508,Medium,Education,Negombo,18,23,4,0,81,Manager,2177645,87352784,0,Cold Call,1,Contacted
509,Large,Finance,Negombo,75,1,18,0,2,Employee,1501471,28525616,0,Trade Show,0,Qualified
510,Medium,Finance,Negombo,71,39,19,0,77,Manager,4879897,127191031,0,Trade Show,0,Qualified
511,Medium,Finance,Kandy,71,14,3,0,66,Manager,1816548,69155115,1,Trade Show,0,New
512,Small,IT/Software,Negombo,60,31,16,0,52,Employee,5052505,403938540,1,Website,0,New
513,Large,Education,Negombo,11,38,10,0,92,C-Level,9506751,447120429,0,Trade Show,0,New
514,Medium,Agriculture,Trincomalee,60,5,3,1,171,Employee,4200321,171775497,1,Referral,0,Contacted
515,Small,IT/Software,Jaffna,32,0,12,1,22,Employee,2197711,245438326,1,Cold Call,0,Negotiation
516,Small,Finance,Colombo,44,46,19,0,111,Employee,6195561,166365138,1,Trade Show,0,New
517,Small,Tourism,Galle,89,22,16,1,107,Employee,137361,125003996,1,Cold Call,0,New
518,Medium,Education,Colombo,91,38,8,1,67,Employee,2998845,412158273,0,Social Media,0,New
519,Large,Education,Jaffna,68,16,3,1,140,Employee,8246836,324029667,0,Social Media,0,Qualified
520,Small,Healthcare,Galle,7,33,13,0,69,Manager,3563227,200279250,0,Trade Show,0,New
521,Small,Healthcare,Matara,24,40,18,0,84,C-Level,8193068,272711110,0,Cold Call,0,New
522,Small,Manufacturing,Negombo,90,28,2,1,103,Manager,2557856,340219097,0,Social Media,0,New
523,Large,Agriculture,Jaffna,45,8,13,0,39,Employee,1861856,443441166,0,Trade Show,0,Contacted
524,Medium,Agriculture,Trincomalee,86,12,7,0,13,Manager,2441102,294335406,1,Cold Call,1,Contacted
525,Medium,Retail,Matara,29,5,0,0,41,Manager,100037,246383159,0,Trade Show,0,Qualified
526,Small,Agriculture,Negombo,46,5,9,0,57,Manager,9110139,150135909,1,Cold Call,0,New
527,Small,Healthcare,Kandy,86,19,17,0,12,Manager,6351936,81634498,0,Social Media,0,Contacted
528,Small,IT/Software,Kurunegala,48,2,15,0,13,Manager,753668,329365925,0,Trade Show,0,New
529,Small,Agriculture,Jaffna,46,16,7,0,120,Employee,3504158,129028926,0,Social Media,0,New
530,Medium,Healthcare,Kandy,83,48,0,1,97,Manager,2756040,167494415,0,Trade Show,0,Contacted
531,Medium,Manufacturing,Jaffna,81,11,11,1,57,Employee,803645,191474689,0,Website,0,New
532,Large,Education,Trincomalee,17,47,7,0,40,C-Level,5011672,22172318,0,Social Media,0,Contacted
533,Large,Agriculture,Jaffna,65,46,15,1,118,Employee,8315984,351357339,0,Social Media,0,New
534,Small,Manufacturing,Kandy,67,44,17,0,80,Employee,8231631,109708317,0,Referral,0,New
535,Medium,Education,Trincomalee,93,0,3,0,128,Employee,9794535,166749497,0,Social Media,0,Proposal
536,Large,Tourism,Galle,32,16,5,1,173,Manager,2721872,58155773,1,Cold Call,0,Contacted
537,Medium,Tourism,Colombo,35,2,11,1,35,Employee,693975,17669382,0,Trade Show,0,Qualified
538,Small,Education,Negombo,81,25,8,1,3,Employee,5152683,372340771,0,Website,0,Qualified
539,Small,Agriculture,Jaffna,100,14,14,0,120,C-Level,4083063,279886108,1,Cold Call,0,Contacted
540,Small,Retail,Negombo,18,35,15,1,5,C-Level,2382373,49297495,0,Cold Call,0,Qualified
541,Large,Healthcare,Kurunegala,27,31,11,0,11,Employee,2940152,18089267,1,Cold Call,0,Contacted
542,Medium,IT/Software,Kandy,39,31,13,0,126,Employee,7627872,460154854,1,Cold Call,0,New
543,Small,IT/Software,Negombo,83,3,12,0,71,Manager,2650552,402412931,1,Website,0,New
544,Medium,Finance,Kandy,96,17,1,0,117,C-Level,9340832,99346623,0,Referral,0,Contacted
545,Medium,Education,Negombo,75,48,2,0,138,Employee,2492735,423221404,1,Social Media,0,New
546,Small,IT/Software,Colombo,14,18,9,1,106,Manager,7604361,16099691,1,Cold Call,0,New
547,Small,Agriculture,Colombo,40,42,8,0,116,Employee,7414153,134017732,0,Social Media,0,New
548,Medium,Retail,Trincomalee,38,34,19,0,162,Manager,5518626,113349238,0,Social Media,0,New
549,Small,Education,Colombo,1,39,7,0,67,Manager,9850576,107926044,0,Cold Call,0,New
550,Medium,Retail,Trincomalee,62,13,9,0,31,Employee,3722546,273003581,1,Referral,0,New
551,Small,Agriculture,Colombo,28,32,18,1,75,Employee,6096522,141874397,0,Social Media,1,New
552,Medium,IT/Software,Colombo,73,13,2,0,71,C-Level,3706940,448237660,1,Trade Show,0,New
553,Small,IT/Software,Colombo,65,33,4,0,66,Manager,6035537,195714009,0,Social Media,0,Contacted
554,Small,Finance,Kandy,50,3,2,1,70,Employee,3700200,262201106,1,Cold Call,0,New
555,Medium,IT/Software,Jaffna,74,23,15,0,41,Manager,659031,87328985,0,Website,0,Proposal
556,Small,Education,Trincomalee,76,28,16,0,160,Manager,6591280,469174116,0,Social Media,0,Qualified
557,Small,Agriculture,Negombo,9,18,14,0,20,Employee,2801243,463363610,0,Referral,0,Contacted
558,Small,Tourism,Colombo,13,5,2,0,178,Manager,5544003,363443485,0,Trade Show,0,Qualified
559,Medium,Agriculture,Kandy,81,32,11,0,153,Employee,4535728,52743858,0,Trade Show,0,New
560,Medium,Education,Kandy,50,48,8,0,140,C-Level,8694992,40579572,0,Website,0,New
561,Medium,Education,Kandy,72,39,11,1,39,Employee,6642155,158357725,0,Website,0,Proposal
562,Small,Finance,Trincomalee,38,18,14,1,145,Employee,7265371,82293570,1,Social Media,0,New
563,Small,Finance,Jaffna,27,0,1,0,45,Employee,4235554,133497146,1,Cold Call,0,Proposal
564,Small,IT/Software,Trincomalee,2,4,17,0,139,Manager,3088088,155158201,0,Referral,0,Contacted
565,Small,Manufacturing,Negombo,83,26,19,1,70,Manager,1079907,70783850,0,Trade Show,0,New
566,Small,Agriculture,Jaffna,69,15,11,0,125,Manager,313968,172187974,0,Website,0,Contacted
567,Small,Agriculture,Galle,26,5,3,0,151,Manager,8783565,124477372,1,Referral,0,Contacted
568,Small,Manufacturing,Matara,1,39,15,0,91,Employee,2001737,439157872,0,Cold Call,0,New
569,Large,Finance,Kandy,92,12,15,1,70,C-Level,5085248,201689528,0,Trade Show,0,New
570,Small,IT/Software,Trincomalee,37,47,0,0,166,Employee,9953066,154798472,0,Trade Show,0,Qualified
571,Small,Manufacturing,Galle,2,34,1,0,130,Manager,6509363,33079348,1,Cold Call,0,Contacted
572,Medium,IT/Software,Kurunegala,15,18,2,0,84,Employee,2402743,79905640,0,Trade Show,0,New
573,Small,IT/Software,Trincomalee,93,11,19,1,89,Manager,4688156,459295657,1,Cold Call,0,New
574,Medium,IT/Software,Colombo,39,15,16,0,79,Manager,1085461,89140364,0,Trade Show,0,Proposal
575,Medium,Healthcare,Matara,1,42,19,1,113,Manager,5931759,362553358,0,Social Media,0,Contacted
576,Large,Education,Colombo,80,9,0,0,93,Employee,5810912,236046325,0,Cold Call,0,Contacted
577,Small,IT/Software,Jaffna,40,24,19,0,72,Employee,1906423,324582078,0,Referral,0,Negotiation
578,Large,Healthcare,Matara,11,19,5,0,165,Employee,2050408,497029892,0,Social Media,0,New
579,Small,Finance,Trincomalee,34,30,14,0,49,Manager,9116523,370395932,0,Referral,0,Contacted
580,Small,Manufacturing,Negombo,64,3,13,1,52,Employee,3694128,17237538,0,Trade Show,0,Qualified
581,Small,Education,Galle,54,43,19,0,33,C-Level,9665565,272841370,0,Referral,0,Qualified
582,Large,Tourism,Negombo,44,22,14,1,22,Employee,8206584,311155674,0,Social Media,0,New
583,Small,Manufacturing,Trincomalee,78,1,13,0,114,Employee,1506427,407831111,1,Cold Call,0,New
584,Small,Education,Jaffna,89,21,4,0,133,Manager,3589550,257535071,0,Website,0,Qualified
585,Medium,Tourism,Colombo,100,36,5,0,18,Employee,6989053,274467859,0,Referral,0,New
586,Small,Manufacturing,Matara,84,7,16,0,166,C-Level,3995090,464040831,0,Website,0,Proposal
587,Small,Education,Negombo,61,6,10,1,118,Manager,2865013,138446793,0,Referral,0,New
588,Small,Manufacturing,Trincomalee,48,13,15,0,117,Employee,6262492,314837836,0,Referral,0,New
589,Small,Manufacturing,Negombo,94,2,11,0,37,Employee,8524990,146824958,0,Cold Call,0,New
590,Small,Tourism,Trincomalee,24,49,14,0,64,Employee,7138170,383127964,0,Trade Show,0,Qualified
591,Small,Manufacturing,Colombo,22,15,3,0,138,Employee,962219,337131746,0,Social Media,0,Proposal
592,Medium,Manufacturing,Matara,23,18,17,0,79,Manager,8434750,205757052,1,Social Media,0,Contacted
593,Small,Tourism,Galle,37,17,2,1,170,Employee,1818303,182204405,0,Social Media,1,Proposal
594,Small,Finance,Colombo,27,15,7,0,123,Employee,9763464,150308679,0,Trade Show,0,New
595,Medium,IT/Software,Negombo,20,7,2,0,176,Employee,3901082,381627740,0,Website,0,New
596,Small,Agriculture,Galle,53,32,7,0,44,Employee,3446668,52463262,0,Social Media,0,Qualified
597,Medium,Retail,Trincomalee,17,48,17,1,82,Employee,6796674,128885864,1,Website,0,Proposal
598,Small,Healthcare,Galle,35,11,9,0,87,Manager,3305677,266714589,0,Trade Show,0,Qualified
599,Small,Retail,Trincomalee,98,10,19,0,16,Manager,2606068,445210645,0,Trade Show,0,Qualified
600,Small,Retail,Colombo,44,4,16,0,54,Manager,583075,165496020,0,Cold Call,0,New
601,Small,Education,Negombo,72,26,7,0,102,Manager,8226198,104129803,0,Social Media,0,New
602,Small,IT/Software,Jaffna,52,11,10,0,163,Employee,8815978,467361098,0,Cold Call,0,Proposal
603,Small,Education,Negombo,29,16,4,0,98,Manager,5551731,279490625,0,Social Media,0,New
604,Small,IT/Software,Trincomalee,59,5,12,1,156,Employee,7599043,258076913,0,Trade Show,0,New
605,Small,Tourism,Kandy,97,32,4,0,2,Employee,6846037,370875137,0,Trade Show,0,Qualified
606,Small,Tourism,Matara,31,4,12,1,94,Employee,9321750,100469793,0,Referral,0,New
607,Small,Agriculture,Kurunegala,66,27,5,0,141,Employee,4573214,11293122,0,Referral,0,Qualified
608,Small,IT/Software,Jaffna,66,13,4,0,169,Manager,3782796,364007311,0,Trade Show,0,New
609,Small,Manufacturing,Galle,27,4,8,0,59,Employee,9331261,42018802,1,Trade Show,0,Qualified
610,Medium,Finance,Jaffna,43,32,15,0,69,Manager,7951746,346009347,0,Website,0,Contacted
611,Small,Agriculture,Matara,78,49,1,1,119,Employee,7941640,183068054,0,Website,0,Contacted
612,Medium,Agriculture,Galle,40,47,0,0,92,Employee,8840245,144613176,0,Cold Call,0,Contacted
613,Medium,Manufacturing,Matara,62,40,7,0,45,Manager,8666554,345914417,0,Referral,0,New
614,Small,Finance,Galle,22,18,18,0,148,Employee,5237956,449739539,0,Referral,0,Contacted
615,Medium,Education,Jaffna,74,21,10,1,24,Employee,5374413,475321560,1,Trade Show,0,Contacted
616,Large,Finance,Galle,47,4,11,0,91,Employee,7824578,410172637,1,Trade Show,0,Contacted
617,Small,Education,Galle,31,1,11,1,94,Manager,964899,230764561,0,Cold Call,0,New
618,Small,Tourism,Kandy,56,29,6,0,58,Manager,8752111,268503465,0,Referral,0,New
619,Medium,Retail,Negombo,99,46,12,0,155,Employee,6510575,410499274,0,Website,0,New
620,Medium,Tourism,Negombo,32,38,7,0,154,C-Level,2418292,412261148,0,Social Media,0,Qualified
621,Small,Tourism,Kurunegala,23,3,8,0,128,Manager,2126393,499458896,1,Cold Call,0,New
622,Small,Retail,Kurunegala,38,32,6,0,7,Manager,7722520,205321945,0,Social Media,0,Proposal
623,Small,Finance,Trincomalee,33,12,14,0,170,Manager,2479897,438882871,0,Website,0,Qualified
624,Small,Agriculture,Trincomalee,55,19,1,1,47,Employee,1394416,295085880,0,Website,0,Qualified
625,Medium,Finance,Trincomalee,27,6,19,1,53,Manager,2085196,128324438,0,Social Media,0,Qualified
626,Small,Education,Kandy,36,14,11,0,38,Employee,8152377,489447415,1,Cold Call,0,New
627,Small,Manufacturing,Kurunegala,6,22,0,0,53,Employee,7803189,269210099,0,Social Media,0,Qualified
628,Medium,Education,Matara,67,13,7,0,143,C-Level,1660121,29082991,0,Cold Call,0,Contacted
629,Small,Manufacturing,Trincomalee,36,22,4,0,154,Manager,5978263,306279251,0,Cold Call,0,Proposal
630,Small,Tourism,Trincomalee,55,18,14,0,48,Employee,543035,32634412,1,Trade Show,0,Proposal
631,Medium,Retail,Jaffna,64,28,0,1,95,Employee,3199072,397622337,1,Referral,0,New
632,Medium,Tourism,Colombo,64,19,0,0,147,Manager,6750723,295247511,0,Referral,0,New
633,Small,IT/Software,Matara,46,28,9,0,137,Employee,8449092,211485022,0,Website,0,Contacted
634,Small,Finance,Trincomalee,19,23,9,0,64,Employee,5300551,171558362,0,Trade Show,0,Qualified
635,Small,Manufacturing,Trincomalee,18,17,14,0,93,Employee,9177925,243594433,0,Referral,1,New
636,Small,Education,Trincomalee,28,9,16,0,125,Employee,7847156,385004600,0,Cold Call,0,New
637,Small,Retail,Colombo,73,40,5,0,179,Manager,4652636,206535821,0,Cold Call,0,New
638,Small,Manufacturing,Colombo,59,7,2,0,39,Employee,851240,315266371,0,Social Media,0,Contacted
639,Small,Education,Kandy,17,25,12,0,4,Manager,4415596,400590640,0,Social Media,0,Negotiation
640,Small,Finance,Matara,91,28,15,0,126,Employee,6875996,51220684,1,Cold Call,0,Qualified
641,Small,Tourism,Kandy,34,9,7,1,3,Manager,1095791,103312675,0,Cold Call,0,Contacted
642,Small,Finance,Galle,42,16,14,0,64,C-Level,2060299,414338274,0,Social Media,0,New
643,Small,Healthcare,Colombo,94,1,16,0,29,Manager,5179111,96032555,0,Referral,0,New
644,Small,IT/Software,Jaffna,90,5,16,0,116,Manager,8002634,224654901,0,Website,0,Contacted
645,Small,Healthcare,Kurunegala,10,4,12,0,11,C-Level,2953501,114995903,0,Social Media,0,Qualified
646,Medium,Retail,Jaffna,48,27,16,0,97,Employee,6382444,96521270,1,Referral,0,New
647,Small,Manufacturing,Kurunegala,37,40,5,1,102,Manager,5713904,217847559,0,Referral,0,Contacted
648,Medium,Retail,Colombo,63,4,16,0,155,Manager,2559622,422822401,1,Referral,0,Proposal
649,Medium,Tourism,Colombo,68,17,15,0,21,Employee,1997459,229764549,0,Trade Show,0,Proposal
650,Small,Education,Colombo,7,25,13,0,39,Employee,4340012,95500341,0,Trade Show,0,New
651,Small,Finance,Kandy,33,19,12,0,102,C-Level,1315442,350292169,0,Referral,0,New
652,Small,Healthcare,Matara,47,40,5,1,46,Manager,5664396,421663787,0,Cold Call,0,New
653,Small,Agriculture,Kurunegala,55,48,2,1,66,Employee,8003797,82996820,0,Trade Show,0,Qualified
654,Medium,Healthcare,Matara,75,26,13,0,91,Employee,2680309,349738793,1,Social Media,0,Negotiation
655,Small,Tourism,Kandy,64,48,13,1,164,Manager,6525148,395315394,1,Trade Show,0,New
656,Small,Healthcare,Kandy,30,11,14,0,111,Employee,7149985,372347871,1,Cold Call,0,New
657,Small,Tourism,Negombo,3,6,7,1,82,Manager,7606161,221555411,1,Website,0,Proposal
658,Small,Agriculture,Jaffna,49,2,14,0,123,Manager,5251946,383923721,1,Trade Show,0,Qualified
659,Medium,Retail,Jaffna,68,9,12,1,99,Manager,7126206,153492060,0,Referral,0,Negotiation
660,Small,Finance,Galle,29,33,16,1,35,Employee,4347328,342116264,0,Referral,0,New
661,Small,Manufacturing,Trincomalee,87,24,2,0,159,Manager,1551469,452334451,0,Referral,0,Contacted
662,Large,Education,Kandy,58,34,5,0,156,Manager,3400874,134496749,0,Website,0,New
663,Medium,Manufacturing,Kurunegala,66,15,4,1,103,Manager,4836416,381393633,1,Cold Call,0,New
664,Small,Retail,Negombo,74,1,16,1,129,Employee,4163997,328351140,0,Social Media,0,Contacted
665,Small,Education,Negombo,44,23,1,0,25,Employee,8402975,46837139,0,Cold Call,0,New
666,Small,Healthcare,Trincomalee,3,9,14,0,43,C-Level,6226463,441803388,1,Website,0,New
667,Small,Agriculture,Matara,25,37,4,0,84,Employee,8537534,115063484,0,Referral,0,Proposal
668,Small,Agriculture,Trincomalee,26,21,19,0,51,Employee,5510812,105953287,0,Cold Call,0,New
669,Small,IT/Software,Trincomalee,45,25,5,0,130,Employee,7252765,308731526,1,Social Media,0,Qualified
670,Small,Retail,Trincomalee,63,42,5,0,126,Manager,6207182,241933701,1,Referral,0,New
671,Small,Retail,Jaffna,90,38,17,1,69,Employee,6112621,256465354,0,Social Media,0,Qualified
672,Medium,Finance,Kandy,50,26,17,0,9,Employee,3851387,445432383,1,Trade Show,0,New
673,Small,Manufacturing,Galle,49,28,3,1,2,Employee,2879060,477344171,1,Social Media,0,Qualified
674,Small,Retail,Kandy,5,46,16,0,162,Manager,583791,74914833,1,Referral,0,New
675,Small,Retail,Matara,58,37,13,0,159,Employee,2258714,14773042,1,Trade Show,0,Contacted
676,Large,Healthcare,Colombo,14,19,13,0,10,Employee,9284874,189530424,0,Referral,1,Qualified
677,Small,Healthcare,Trincomalee,29,26,12,0,114,Employee,2722280,470351644,0,Referral,0,New
678,Small,Education,Kandy,41,40,6,0,76,Manager,4325872,191628798,0,Trade Show,0,New
679,Large,Tourism,Matara,100,19,11,0,164,Employee,9149867,434807892,0,Social Media,0,Proposal
680,Medium,Tourism,Colombo,36,43,14,0,85,Employee,9098934,426066989,0,Website,0,Proposal
681,Medium,IT/Software,Colombo,41,18,18,0,49,Employee,1345749,117841346,0,Website,0,New
682,Small,Tourism,Trincomalee,100,19,10,0,70,C-Level,9444885,92832401,0,Website,0,New
683,Small,Finance,Galle,34,34,14,0,177,Manager,2326941,82828695,0,Website,0,New
684,Medium,IT/Software,Kurunegala,86,46,11,1,131,C-Level,1518180,452441518,0,Cold Call,0,New
685,Large,Education,Jaffna,5,1,2,1,133,Manager,8563331,266813989,1,Website,0,Negotiation
686,Small,Healthcare,Kandy,67,29,16,0,90,Employee,6333146,415332425,0,Trade Show,0,Contacted
687,Small,Tourism,Colombo,17,33,2,0,26,Manager,7154499,144788954,0,Website,0,Contacted
688,Small,Manufacturing,Kandy,72,21,18,0,72,Employee,8337881,422101579,0,Referral,0,Negotiation
689,Medium,Healthcare,Kurunegala,28,2,19,1,5,Employee,3118967,227587910,0,Website,0,Contacted
690,Small,Agriculture,Jaffna,76,5,3,0,15,Employee,3826904,450830544,1,Social Media,0,Qualified
691,Small,Finance,Kurunegala,58,14,2,0,123,Employee,892515,352924672,0,Trade Show,0,New
692,Small,Healthcare,Jaffna,46,26,15,0,144,C-Level,6010838,79494911,0,Trade Show,0,New
693,Small,Finance,Negombo,16,9,11,0,1,Employee,1493196,289441081,0,Cold Call,0,Contacted
694,Small,Finance,Jaffna,95,8,7,0,144,Manager,1135211,177000113,0,Referral,0,New
695,Small,Finance,Trincomalee,21,32,16,1,165,Employee,2289568,56230489,0,Trade Show,0,New
696,Medium,Education,Galle,67,31,6,0,3,Employee,4034740,344869198,0,Social Media,0,New
697,Small,Finance,Kurunegala,68,47,10,0,47,Manager,747122,440221746,0,Website,0,New
698,Small,Finance,Colombo,36,5,17,0,95,Manager,3882164,327359547,1,Trade Show,0,Contacted
699,Small,Agriculture,Trincomalee,48,40,0,0,13,Manager,1861331,433730173,0,Social Media,0,Contacted
700,Small,Manufacturing,Negombo,12,35,2,1,120,Employee,1977329,240628516,0,Website,0,New
701,Small,IT/Software,Galle,33,1,3,0,55,Employee,2992970,355432814,0,Cold Call,0,New
702,Small,Retail,Kandy,85,28,12,1,149,Manager,415315,92861598,0,Trade Show,0,Qualified
703,Small,Agriculture,Trincomalee,52,3,5,0,66,Manager,8639202,134895202,0,Trade Show,1,New
704,Small,IT/Software,Kurunegala,86,0,13,0,155,Employee,9209500,415930624,0,Social Media,0,Contacted
705,Small,Finance,Matara,50,18,4,1,166,C-Level,6876432,370315403,1,Referral,0,Qualified
706,Large,Manufacturing,Matara,2,25,15,0,90,Manager,4059015,59637178,0,Cold Call,1,New
707,Small,Healthcare,Colombo,41,24,14,1,62,C-Level,2314979,276056117,1,Referral,0,Qualified
708,Medium,Manufacturing,Jaffna,97,9,14,0,102,Manager,3505851,10929464,0,Trade Show,0,Qualified
709,Small,Agriculture,Colombo,31,14,3,1,174,Manager,7454292,485459090,1,Referral,1,New
710,Medium,Finance,Matara,50,21,7,0,139,Employee,296211,218635864,0,Website,0,New
711,Medium,Manufacturing,Kandy,84,47,15,0,8,Employee,1936082,348387448,1,Cold Call,0,Negotiation
712,Small,Tourism,Negombo,45,20,15,1,97,Manager,2337699,367216223,0,Referral,0,New
713,Small,Manufacturing,Negombo,20,21,3,1,117,Employee,4558434,158361982,1,Website,0,Qualified
714,Small,Finance,Kurunegala,43,35,12,1,64,Employee,1913065,293785163,1,Social Media,0,Contacted
715,Small,Education,Negombo,10,33,12,1,21,Employee,5057161,119046014,0,Referral,1,New
716,Large,Tourism,Kurunegala,67,29,1,1,115,Employee,7495511,221639052,0,Cold Call,0,New
717,Medium,Manufacturing,Trincomalee,0,24,2,0,85,C-Level,4687281,103223451,1,Website,0,Contacted
718,Large,Retail,Kurunegala,91,44,7,0,20,Manager,5607200,98216512,0,Referral,0,Contacted
719,Small,Retail,Trincomalee,62,27,14,0,8,Employee,8865940,466413554,0,Social Media,0,Qualified
720,Medium,Manufacturing,Kurunegala,23,0,10,0,58,Employee,8572761,371710341,1,Referral,0,Proposal
721,Large,Education,Matara,98,48,8,0,46,Manager,5078234,250959559,0,Website,0,Qualified
722,Small,Healthcare,Matara,12,44,6,0,31,Manager,9614626,471230211,0,Referral,0,New
723,Small,Finance,Jaffna,97,3,12,0,93,C-Level,4072162,77337284,0,Cold Call,0,Proposal
724,Medium,Retail,Trincomalee,10,6,1,0,9,Employee,6266994,454754840,1,Trade Show,0,Qualified
725,Small,Healthcare,Galle,99,48,7,0,15,Employee,4272060,335024789,0,Website,0,Proposal
726,Medium,Manufacturing,Trincomalee,50,8,6,0,94,Employee,6703352,223602715,0,Website,0,Contacted
727,Small,Agriculture,Kurunegala,16,35,11,0,154,C-Level,9796672,473762150,0,Website,0,Qualified
728,Medium,Healthcare,Kurunegala,98,18,18,1,138,Manager,178947,30097750,1,Website,0,Contacted
729,Small,Tourism,Galle,81,0,6,0,29,Manager,7252604,31573747,0,Referral,0,New
730,Small,IT/Software,Colombo,85,9,9,0,80,Employee,8236537,252099651,0,Cold Call,0,Negotiation
731,Small,Retail,Kurunegala,23,35,15,0,36,Manager,4069411,317341885,0,Social Media,0,New
732,Medium,Manufacturing,Jaffna,18,8,2,0,84,Manager,6487952,94319342,1,Cold Call,0,New
733,Medium,Agriculture,Negombo,36,44,9,0,109,Employee,6069677,193236282,1,Website,0,Proposal
734,Small,Finance,Negombo,84,45,5,0,118,Employee,1068410,271814228,0,Referral,0,New
735,Small,Agriculture,Kandy,7,41,17,0,37,Employee,4036642,390352420,0,Referral,0,Proposal
736,Medium,Education,Kandy,27,31,17,0,86,Employee,9183542,121838071,1,Website,0,Qualified
737,Small,Tourism,Negombo,4,31,4,0,71,Employee,1140835,64806568,0,Referral,0,New
738,Medium,Manufacturing,Negombo,16,5,6,1,151,Employee,6726532,43291777,0,Website,0,Contacted
739,Small,Finance,Matara,100,47,1,1,169,Employee,5486452,456806394,1,Cold Call,0,Qualified
740,Small,Education,Jaffna,35,37,10,0,93,Employee,8631225,486697286,1,Trade Show,0,Contacted
741,Small,Education,Galle,18,16,12,0,80,Employee,7052057,359062128,0,Referral,0,Proposal
742,Small,Manufacturing,Kandy,63,9,4,0,102,Manager,9757570,302836815,0,Website,0,Proposal
743,Medium,Tourism,Matara,90,49,5,0,156,Employee,5234629,319357648,0,Website,0,New
744,Small,Healthcare,Matara,97,26,13,1,176,Manager,5026730,363159443,0,Referral,0,New
745,Small,Healthcare,Galle,10,49,11,0,166,Employee,1130120,304502073,1,Social Media,0,Proposal
746,Medium,Education,Matara,53,34,3,1,159,Manager,1134780,498692502,1,Website,0,Contacted
747,Small,Healthcare,Trincomalee,44,20,5,0,14,Employee,7228822,261228449,1,Referral,0,New
748,Small,IT/Software,Jaffna,46,24,9,1,117,Manager,9952731,22040202,0,Website,1,Qualified
749,Large,Education,Negombo,11,27,17,0,73,Employee,849045,172140897,0,Social Media,0,Proposal
750,Medium,Education,Kurunegala,20,46,14,1,91,Manager,972109,389420512,0,Trade Show,0,Contacted
751,Small,Finance,Galle,10,14,7,0,90,Employee,7836085,463668569,0,Social Media,0,Contacted
752,Large,Healthcare,Negombo,91,3,8,0,29,Manager,487405,298100865,1,Cold Call,0,Qualified
753,Medium,Tourism,Negombo,4,28,4,0,179,Employee,6905360,262461628,0,Referral,0,Qualified
754,Small,Education,Colombo,80,8,9,0,49,Employee,4661786,349787006,0,Social Media,0,Proposal
755,Small,Agriculture,Trincomalee,55,26,19,1,171,Employee,4858669,358647446,0,Trade Show,0,Negotiation
756,Medium,Tourism,Galle,19,25,5,1,72,Manager,3201004,140580968,1,Website,1,Contacted
757,Medium,IT/Software,Matara,40,18,15,1,133,C-Level,5634693,237909241,1,Referral,0,Qualified
758,Small,Finance,Kurunegala,45,27,2,0,42,Manager,3032208,471421345,1,Social Media,0,Negotiation
759,Medium,Manufacturing,Galle,11,16,9,1,135,Employee,4287442,453759419,0,Trade Show,0,New
760,Medium,Tourism,Matara,69,42,10,0,42,Employee,3912197,366908814,0,Social Media,0,New
761,Small,Education,Negombo,16,40,10,0,164,C-Level,9169984,142203209,0,Cold Call,0,Proposal
762,Small,IT/Software,Kurunegala,18,41,16,0,105,Employee,6533564,241629801,0,Referral,0,New
763,Small,Retail,Matara,25,49,3,0,27,Manager,1056740,477988508,0,Website,0,New
764,Medium,IT/Software,Jaffna,47,19,3,0,58,C-Level,2310846,329318648,0,Trade Show,0,New
765,Small,IT/Software,Matara,51,44,16,0,46,Manager,4528760,274942230,0,Social Media,0,New
766,Small,Finance,Colombo,95,39,8,0,66,Employee,2409231,479739962,0,Referral,0,New
767,Medium,Manufacturing,Trincomalee,69,38,18,1,25,Employee,4710764,73346128,0,Social Media,0,New
768,Medium,Retail,Negombo,54,48,4,0,73,Employee,9993427,119886331,0,Referral,0,Negotiation
769,Small,Healthcare,Matara,99,22,5,0,117,Manager,4595433,382398280,0,Cold Call,0,Qualified
770,Medium,Healthcare,Trincomalee,74,46,2,0,155,Employee,5315784,489773233,0,Social Media,0,Qualified
771,Small,Tourism,Kandy,32,31,0,0,129,Employee,2067582,454177635,0,Cold Call,0,New
772,Medium,IT/Software,Kandy,61,46,19,0,87,Employee,940268,78157320,0,Trade Show,0,Qualified
773,Small,Agriculture,Trincomalee,87,32,15,0,74,Employee,6229026,250406927,1,Cold Call,0,Qualified
774,Small,Finance,Trincomalee,22,45,10,0,170,Manager,5870938,314290531,1,Referral,0,Qualified
775,Medium,Agriculture,Colombo,14,4,12,0,153,Manager,6657601,154447983,0,Trade Show,0,New
776,Small,Finance,Jaffna,26,42,9,0,125,Employee,8541243,131881330,0,Social Media,0,Contacted
777,Small,Healthcare,Negombo,74,47,2,1,67,Employee,1083638,325726880,0,Social Media,0,Qualified
778,Medium,Tourism,Galle,63,33,8,0,6,C-Level,7011596,176124342,1,Referral,0,Qualified
779,Medium,Tourism,Colombo,80,39,11,0,125,Employee,5696127,450590366,1,Website,0,Qualified
780,Medium,Tourism,Jaffna,50,10,13,1,58,Manager,2891671,432115589,0,Website,0,Contacted
781,Medium,Retail,Trincomalee,52,49,0,0,70,C-Level,2161892,224535177,0,Social Media,0,Contacted
782,Small,Manufacturing,Galle,77,2,17,0,53,Employee,3531543,450693007,0,Referral,0,Qualified
783,Small,Retail,Trincomalee,90,32,16,1,66,Employee,7063266,40707715,0,Website,0,New
784,Small,Education,Trincomalee,81,10,8,0,58,C-Level,4178140,493671733,0,Cold Call,0,Qualified
785,Small,Education,Kandy,91,15,8,0,82,Employee,8585356,484936149,0,Social Media,0,Negotiation
786,Large,Agriculture,Kandy,50,17,9,0,87,Employee,4009308,294433551,0,Cold Call,0,Qualified
787,Small,Manufacturing,Galle,46,29,18,0,2,Employee,9937206,453444019,0,Referral,0,New
788,Small,Healthcare,Colombo,3,47,14,0,150,Employee,9447003,369779005,1,Cold Call,0,New
789,Small,Manufacturing,Kandy,6,9,4,0,37,Manager,7566897,263022364,1,Website,0,Qualified
790,Large,Finance,Negombo,34,17,14,0,148,Manager,7785727,435128133,0,Website,0,Proposal
791,Small,Education,Trincomalee,47,37,19,0,103,Manager,1015767,41759705,0,Trade Show,0,Contacted
792,Small,IT/Software,Kurunegala,72,18,1,0,24,Employee,8789972,139746186,0,Social Media,0,Contacted
793,Small,IT/Software,Matara,71,35,12,0,112,Employee,9816486,302447511,0,Referral,0,New
794,Medium,Healthcare,Galle,44,12,15,0,65,Manager,8314491,131231260,0,Social Media,0,Qualified
795,Small,Finance,Galle,80,45,14,0,129,Employee,3469415,166118722,0,Cold Call,0,Qualified
796,Medium,Agriculture,Kandy,80,2,9,0,117,Manager,3803713,357648755,1,Referral,0,Negotiation
797,Large,Retail,Colombo,96,9,13,1,116,Employee,481856,147997321,0,Referral,0,New
798,Small,Finance,Trincomalee,95,37,9,0,105,Manager,3865444,284690620,0,Website,0,Qualified
799,Medium,IT/Software,Negombo,71,0,13,0,3,Employee,9251969,283415357,0,Cold Call,0,Contacted
800,Large,IT/Software,Colombo,18,26,8,0,46,Employee,4679097,488316414,0,Website,0,Contacted
801,Medium,Agriculture,Jaffna,62,45,13,0,55,Employee,7713312,365027712,0,Website,0,Qualified
802,Small,Education,Jaffna,37,7,2,1,75,Employee,4116899,285446442,1,Trade Show,0,New
803,Small,Finance,Kurunegala,66,45,19,0,45,Employee,4055199,247297561,1,Website,0,New
804,Medium,Finance,Kandy,58,41,15,1,154,Manager,5342329,487457081,0,Social Media,0,Qualified
805,Small,IT/Software,Kandy,68,16,1,0,77,Manager,3368896,56804235,0,Referral,0,Contacted
806,Medium,Retail,Kandy,12,8,9,0,24,Manager,4353459,60491725,1,Website,0,New
807,Large,Healthcare,Kurunegala,46,5,2,0,35,C-Level,7456943,48914328,0,Social Media,0,Contacted
808,Large,Tourism,Jaffna,60,42,10,1,24,Employee,7236940,204648583,1,Cold Call,0,Contacted
809,Small,Healthcare,Colombo,30,24,10,0,28,Employee,2954135,342007082,0,Referral,0,Proposal
810,Small,Finance,Kurunegala,79,38,12,0,16,Employee,576377,220779907,0,Cold Call,0,New
811,Large,Healthcare,Kurunegala,95,48,6,0,59,Manager,498422,154085595,0,Social Media,0,Qualified
812,Medium,IT/Software,Colombo,21,27,16,0,144,Employee,221937,449311750,0,Cold Call,0,New
813,Small,IT/Software,Kandy,92,32,1,1,15,Manager,1233629,375953865,1,Cold Call,0,New
814,Large,Agriculture,Negombo,85,36,11,0,11,Employee,7752126,316864178,0,Cold Call,0,New
815,Medium,Finance,Colombo,42,8,9,0,79,C-Level,478355,228266872,0,Website,0,Proposal
816,Small,Agriculture,Jaffna,66,17,17,1,115,C-Level,4093611,312271651,0,Website,1,New
817,Small,Finance,Galle,53,20,10,0,68,Employee,9837024,8123801,1,Website,0,Qualified
818,Small,Tourism,Trincomalee,9,1,15,1,43,Employee,7914889,88667956,0,Referral,0,Contacted
819,Small,Tourism,Galle,41,42,16,0,69,Manager,7377186,257723761,1,Social Media,1,Negotiation
820,Small,Education,Matara,63,37,18,0,141,Employee,1775259,2897465,0,Website,0,Qualified
821,Medium,Finance,Matara,20,39,17,1,138,Employee,9528082,238144591,0,Cold Call,0,Qualified
822,Small,Retail,Kurunegala,79,35,2,0,75,Manager,8273192,157693429,0,Cold Call,0,Proposal
823,Small,Healthcare,Trincomalee,75,49,15,0,103,Employee,6709001,425096170,0,Cold Call,0,Contacted
824,Small,Finance,Galle,65,42,5,0,41,Manager,7637330,78568041,0,Cold Call,0,Qualified
825,Small,Manufacturing,Negombo,40,36,11,0,178,Manager,9037999,165766160,0,Trade Show,0,New
826,Large,Education,Kandy,23,14,10,0,59,Employee,8916087,463689901,0,Referral,0,New
827,Small,Manufacturing,Jaffna,34,27,14,1,39,Employee,6124945,143754069,0,Social Media,0,Contacted
828,Small,IT/Software,Matara,55,17,14,0,3,Employee,1460764,348962179,0,Social Media,0,Contacted
829,Medium,Tourism,Negombo,29,33,15,0,7,Manager,3271553,131838546,0,Website,0,Contacted
830,Small,Healthcare,Jaffna,56,21,9,1,49,Employee,2694545,496222849,1,Trade Show,0,Contacted
831,Small,Finance,Jaffna,93,10,11,0,26,Manager,3282999,456708838,0,Social Media,0,New
832,Small,Manufacturing,Kandy,46,12,12,0,161,Employee,9614440,270555272,1,Referral,0,Contacted
833,Small,Healthcare,Trincomalee,34,3,3,0,101,Employee,7506465,330884050,0,Cold Call,0,New
834,Small,IT/Software,Kurunegala,18,21,6,1,176,Employee,7129446,201617871,0,Website,0,Negotiation
835,Small,Tourism,Galle,7,6,1,0,79,Employee,5890740,408822133,0,Referral,0,Proposal
836,Small,Retail,Kandy,25,42,14,1,2,Employee,9051442,129135576,0,Social Media,0,Proposal
837,Large,Education,Negombo,70,23,7,1,127,Employee,8372686,189520559,0,Trade Show,0,New
838,Small,Healthcare,Kurunegala,29,3,6,0,160,Employee,940597,172744529,0,Website,0,Contacted
839,Small,Healthcare,Negombo,6,27,14,0,132,Employee,950122,492089302,0,Social Media,0,Negotiation
840,Medium,Retail,Kurunegala,66,14,13,1,20,Employee,2672703,17772468,0,Website,0,Proposal
841,Small,Healthcare,Trincomalee,64,0,7,0,117,Manager,830559,233608340,1,Social Media,0,Qualified
842,Medium,IT/Software,Matara,35,2,11,1,164,Employee,9010335,473232998,1,Cold Call,0,Contacted
843,Small,IT/Software,Negombo,24,13,12,1,32,Employee,6428404,129596072,0,Trade Show,0,Contacted
844,Large,Retail,Kandy,36,37,10,0,28,Manager,1962015,124851075,0,Cold Call,0,Qualified
845,Small,Education,Kurunegala,0,49,16,0,77,Employee,2105464,144007512,1,Social Media,0,New
846,Small,Finance,Kurunegala,14,0,16,1,1,Manager,9770930,379558398,1,Referral,0,Contacted
847,Small,Manufacturing,Jaffna,36,37,3,1,56,Employee,4705677,2043423,0,Cold Call,0,Qualified
848,Large,Finance,Jaffna,12,37,7,0,35,Employee,4117641,464226269,0,Referral,0,Qualified
849,Small,Healthcare,Colombo,7,20,4,0,112,C-Level,1805692,9315308,1,Social Media,0,Contacted
850,Small,Manufacturing,Negombo,4,47,15,0,30,Employee,8425648,53849274,1,Trade Show,0,Contacted
851,Small,Agriculture,Jaffna,59,28,3,0,54,Manager,9497115,252751129,0,Referral,0,Negotiation
852,Medium,Retail,Colombo,72,4,14,0,36,Employee,726776,382770616,0,Social Media,0,Contacted
853,Small,Retail,Matara,0,48,11,0,80,Manager,1861987,139827363,1,Referral,0,Qualified
854,Medium,Education,Matara,35,9,4,0,58,Manager,6623229,467472242,1,Cold Call,0,Qualified
855,Small,Manufacturing,Jaffna,34,27,15,0,83,Employee,9470707,87685025,1,Social Media,0,Qualified
856,Small,IT/Software,Negombo,65,20,13,0,65,Manager,3586082,122856392,1,Cold Call,0,Qualified
857,Small,Manufacturing,Kurunegala,62,49,9,0,69,Employee,1650642,289315595,0,Website,0,Contacted
858,Small,Healthcare,Galle,22,6,6,0,128,Manager,2594903,467311425,1,Social Media,1,Contacted
859,Small,IT/Software,Trincomalee,8,2,12,0,51,Employee,7889283,263642149,0,Referral,1,Contacted
860,Small,Tourism,Negombo,33,44,19,0,22,Manager,616031,412907588,1,Website,0,New
861,Medium,Tourism,Trincomalee,45,46,4,0,107,Employee,147367,431772669,0,Cold Call,0,New
862,Small,Agriculture,Kandy,77,19,2,0,109,Employee,7326078,175388403,1,Cold Call,0,New
863,Small,Tourism,Matara,3,18,14,0,116,Manager,5795908,243496511,0,Referral,0,Proposal
864,Small,Retail,Jaffna,29,34,3,1,101,Manager,1732748,37692309,0,Website,0,New
865,Small,Manufacturing,Jaffna,94,3,14,0,100,Employee,4962944,273883844,0,Trade Show,1,New
866,Small,Tourism,Trincomalee,74,4,13,1,164,Employee,464716,261176314,0,Referral,0,New
867,Small,Finance,Kurunegala,98,0,19,0,68,Employee,5427701,92256643,1,Cold Call,0,Qualified
868,Small,Education,Trincomalee,71,3,18,0,36,Employee,8733305,498039612,1,Social Media,0,New
869,Medium,Finance,Kandy,2,11,12,1,178,Employee,5353087,382468936,0,Website,0,Contacted
870,Large,Tourism,Kurunegala,13,26,9,0,169,Manager,5020791,284258972,0,Trade Show,0,New
871,Small,Agriculture,Kandy,59,41,4,0,146,Employee,5370637,168421589,1,Social Media,0,Qualified
872,Small,Education,Galle,76,22,19,0,22,Manager,8452804,126191578,1,Website,0,Negotiation
873,Medium,Healthcare,Matara,44,24,19,0,66,Manager,554623,163691209,1,Referral,0,Negotiation
874,Small,Finance,Jaffna,95,20,5,0,21,Employee,8384742,2594575,1,Referral,0,Contacted
875,Small,Agriculture,Jaffna,33,23,3,0,100,Employee,8115648,174917820,1,Website,0,Contacted
876,Small,Manufacturing,Galle,44,24,1,0,128,Employee,1410646,338276649,0,Trade Show,0,Contacted
877,Medium,Manufacturing,Colombo,60,44,15,0,44,Employee,8529948,120297596,1,Website,0,New
878,Medium,Finance,Matara,82,45,17,1,103,Manager,9458346,86281074,0,Social Media,0,Contacted
879,Small,Tourism,Kurunegala,15,31,4,0,47,Employee,8269815,156509001,1,Social Media,0,New
880,Small,Agriculture,Galle,65,31,3,0,39,Manager,992743,220650365,1,Referral,0,Qualified
881,Small,Manufacturing,Kurunegala,39,4,12,1,29,Employee,2114751,327165616,0,Website,0,New
882,Medium,Healthcare,Trincomalee,16,35,18,0,54,Employee,5942488,360406468,0,Referral,0,Contacted
883,Small,IT/Software,Negombo,33,45,1,0,90,Employee,1513285,96360377,0,Trade Show,0,Contacted
884,Small,Tourism,Jaffna,15,41,12,0,85,Employee,1430657,492508165,0,Social Media,0,Contacted
885,Medium,Agriculture,Kurunegala,59,48,10,0,17,Employee,9452819,231742206,0,Cold Call,0,Qualified
886,Small,Healthcare,Kandy,65,41,3,0,80,Employee,5352279,239081914,1,Cold Call,0,Qualified
887,Medium,Agriculture,Kurunegala,65,38,19,1,159,Manager,1045161,198866935,0,Website,0,Qualified
888,Small,Education,Negombo,89,15,19,1,73,Manager,5100783,135247610,0,Website,0,Contacted
889,Small,Healthcare,Matara,12,32,14,0,49,Employee,2428767,305665406,1,Cold Call,0,New
890,Small,Tourism,Jaffna,55,48,3,0,101,Employee,8433631,498870190,1,Website,0,Contacted
891,Medium,Education,Trincomalee,30,20,8,0,2,Employee,2807133,10675864,0,Social Media,0,Negotiation
892,Medium,Tourism,Galle,33,8,6,0,176,Employee,4919523,147975538,1,Trade Show,0,Negotiation
893,Medium,Manufacturing,Trincomalee,38,5,18,1,142,Employee,6722266,203725297,0,Trade Show,0,Qualified
894,Small,IT/Software,Negombo,66,44,18,0,59,Employee,153010,317976124,0,Referral,0,New
895,Medium,Tourism,Jaffna,7,34,5,0,97,Employee,5905333,309201603,0,Social Media,0,New
896,Small,Tourism,Kurunegala,86,38,5,1,99,Employee,5616552,444011943,0,Website,0,Contacted
897,Small,Manufacturing,Matara,77,21,19,0,103,Employee,1007272,89703610,0,Website,0,Proposal
898,Medium,Retail,Colombo,54,40,14,0,179,Employee,4174411,293146735,1,Referral,0,Qualified
899,Small,Manufacturing,Matara,26,4,14,0,2,Manager,636364,454541663,1,Referral,0,Proposal
900,Small,Education,Colombo,92,41,19,1,41,Employee,1003057,194586551,0,Website,0,Contacted
901,Small,Manufacturing,Kandy,52,22,8,0,123,Employee,1850652,351253746,0,Website,0,New
902,Small,Manufacturing,Matara,38,16,3,1,82,Employee,2719909,242593011,0,Social Media,0,New
903,Small,IT/Software,Jaffna,64,11,17,0,144,Manager,763478,374696329,1,Referral,0,New
904,Small,Manufacturing,Colombo,16,22,17,1,132,Manager,4239524,43772387,1,Social Media,0,Contacted
905,Small,Agriculture,Galle,29,15,4,1,140,Manager,9791578,6132869,0,Website,0,New
906,Medium,Tourism,Jaffna,52,2,19,0,29,Employee,1090993,118229738,0,Cold Call,0,Qualified
907,Medium,Agriculture,Galle,12,29,10,0,135,Employee,6494544,228181933,0,Cold Call,0,Qualified
908,Small,IT/Software,Matara,20,21,4,0,14,Manager,1688049,143979855,0,Website,0,New
909,Small,Finance,Galle,18,8,3,0,12,Employee,1059296,310472314,0,Referral,0,New
910,Small,Retail,Colombo,52,28,11,0,99,Employee,8437746,378032884,0,Cold Call,0,New
911,Small,Agriculture,Jaffna,18,46,1,0,133,Manager,8014933,452358738,0,Referral,0,Qualified
912,Small,IT/Software,Kurunegala,56,36,12,0,81,Employee,362530,8111905,0,Cold Call,0,Contacted
913,Medium,Education,Negombo,24,22,9,0,106,Employee,3731097,196980382,0,Referral,0,New
914,Small,Finance,Colombo,85,12,8,0,32,Employee,5808824,417512880,0,Cold Call,0,Proposal
915,Small,IT/Software,Colombo,30,31,9,0,74,Employee,2142361,456015720,1,Referral,0,Contacted
916,Small,IT/Software,Kurunegala,80,45,6,0,171,Employee,317767,270473360,1,Social Media,0,Contacted
917,Small,Retail,Jaffna,54,46,3,1,81,Manager,1209970,6634222,1,Referral,0,Qualified
918,Large,Tourism,Jaffna,22,47,18,0,69,Manager,3970033,392922909,1,Social Media,0,Qualified
919,Medium,Agriculture,Trincomalee,31,22,9,0,45,Employee,5982545,487143590,0,Social Media,0,Qualified
920,Small,Education,Matara,61,44,2,1,106,Manager,9134612,84763253,0,Website,0,Contacted
921,Medium,Healthcare,Galle,73,16,18,0,137,Employee,287486,225492214,1,Social Media,1,New
922,Small,Agriculture,Matara,9,39,1,1,177,Employee,7363776,240250270,0,Trade Show,0,Qualified
923,Medium,Healthcare,Kurunegala,99,20,19,0,161,Manager,1728782,261011410,0,Social Media,0,Contacted
924,Medium,IT/Software,Matara,71,1,9,0,100,Manager,3488284,465583997,0,Referral,0,Qualified
925,Small,Manufacturing,Kurunegala,53,36,1,0,146,Manager,9914968,263913890,0,Social Media,0,Proposal
926,Small,Education,Jaffna,51,5,1,0,9,Manager,1833391,480734108,0,Referral,0,Proposal
927,Small,Finance,Galle,19,43,16,0,62,Manager,8855198,300762106,0,Referral,0,New
928,Small,Manufacturing,Matara,31,17,15,0,29,Manager,8583310,284611715,1,Trade Show,0,New
929,Medium,Manufacturing,Colombo,13,29,15,0,125,Employee,2302661,112095323,0,Social Media,0,New
930,Small,Agriculture,Kandy,49,21,13,0,114,Manager,4650056,226746705,1,Social Media,0,Qualified
931,Small,Education,Trincomalee,27,32,6,0,153,C-Level,1262886,318362457,0,Cold Call,1,New
932,Medium,Tourism,Negombo,52,29,10,0,143,Manager,4175341,479423399,1,Cold Call,0,New
933,Large,IT/Software,Colombo,23,16,0,0,134,Employee,3029386,496262610,0,Website,0,New
934,Small,IT/Software,Jaffna,78,42,10,0,120,Employee,6501391,209094006,0,Referral,0,New
935,Small,IT/Software,Negombo,21,31,3,1,170,Employee,3363647,148533430,0,Trade Show,1,New
936,Small,IT/Software,Kandy,29,41,6,0,157,Employee,1058101,57232827,0,Cold Call,0,New
937,Small,Agriculture,Kandy,62,13,14,1,79,C-Level,169519,150150648,0,Social Media,0,Qualified
938,Large,Healthcare,Galle,3,9,17,1,93,Employee,7938236,164862149,0,Website,0,New
939,Small,IT/Software,Negombo,76,46,11,0,4,Employee,1060655,462238912,0,Trade Show,0,New
940,Small,Healthcare,Galle,58,35,16,0,82,C-Level,9685296,477775431,0,Social Media,0,Qualified
941,Small,Healthcare,Colombo,86,33,0,0,177,Employee,2241924,314665504,1,Social Media,1,Qualified
942,Small,Tourism,Kurunegala,7,8,10,0,172,Employee,3079674,454182002,1,Referral,0,New
943,Medium,IT/Software,Kurunegala,81,41,0,0,75,Employee,2392056,40168490,0,Referral,0,New
944,Medium,Retail,Kurunegala,11,27,14,0,14,Manager,8647596,174195604,0,Cold Call,0,Qualified
945,Small,Finance,Negombo,30,10,9,0,131,Employee,7222759,243242007,1,Cold Call,0,New
946,Small,Manufacturing,Kurunegala,77,13,6,0,114,C-Level,2711895,408027480,0,Social Media,0,New
947,Small,Healthcare,Colombo,33,38,1,0,62,Employee,4333384,30154998,0,Social Media,0,New
948,Large,Education,Galle,81,46,9,0,106,Employee,7469080,193048831,0,Cold Call,0,New
949,Medium,Education,Negombo,97,18,3,1,64,Employee,5952373,121015096,0,Cold Call,1,Contacted
950,Small,Finance,Galle,74,14,11,0,102,Manager,9415889,8782634,0,Social Media,0,Proposal
951,Medium,Education,Negombo,75,27,18,0,173,Employee,7756887,297309842,0,Trade Show,0,Qualified
952,Medium,Retail,Galle,48,23,10,0,106,Employee,4550696,425420444,0,Social Media,0,Contacted
953,Small,Education,Kandy,78,7,7,0,20,Employee,2973382,389441481,0,Trade Show,0,Contacted
954,Large,Manufacturing,Galle,56,42,17,0,58,Manager,1490179,167687543,1,Trade Show,0,Contacted
955,Small,Manufacturing,Kurunegala,94,8,10,0,112,Employee,8213324,499156811,0,Social Media,0,Contacted
956,Small,Healthcare,Kandy,92,46,10,0,57,Manager,7228080,105230304,0,Website,0,New
957,Small,IT/Software,Galle,25,32,12,0,119,Manager,5951361,102110391,0,Cold Call,0,Qualified
958,Small,Tourism,Negombo,17,32,2,1,97,Employee,8414052,499200134,0,Referral,0,Proposal
959,Small,Retail,Negombo,95,18,11,1,92,Employee,3871414,343368784,0,Social Media,0,New
960,Medium,Healthcare,Trincomalee,85,2,2,0,52,Employee,846470,263532348,0,Trade Show,0,Qualified
961,Small,Retail,Negombo,37,9,9,0,37,Employee,9637772,365292028,0,Social Media,0,Contacted
962,Medium,IT/Software,Jaffna,80,39,16,0,8,Employee,7168566,87587513,0,Cold Call,0,Contacted
963,Small,Agriculture,Colombo,86,46,1,0,44,Employee,2018517,345918907,0,Trade Show,0,New
964,Small,Education,Negombo,87,41,16,0,98,Employee,3559544,494139977,0,Referral,0,Qualified
965,Small,Education,Kandy,49,0,15,0,133,Employee,7372268,85721438,1,Referral,0,Qualified
966,Small,Tourism,Trincomalee,7,28,1,1,118,Employee,2930095,44735877,0,Referral,0,Qualified
967,Medium,IT/Software,Negombo,40,49,19,0,69,Employee,3529985,86857552,0,Website,0,New
968,Small,Healthcare,Jaffna,5,33,5,0,159,Manager,1411414,302491505,0,Trade Show,0,New
969,Small,Tourism,Kurunegala,68,12,9,0,45,C-Level,4285727,366109028,0,Trade Show,0,Contacted
970,Small,IT/Software,Kandy,43,0,9,0,137,Manager,8504196,354400765,1,Website,0,Contacted
971,Medium,Finance,Jaffna,63,33,7,0,32,Employee,2914268,455125273,0,Trade Show,0,Contacted
972,Large,Manufacturing,Kurunegala,28,28,0,1,33,Employee,8945909,13012272,0,Website,1,Negotiation
973,Medium,Tourism,Matara,27,47,12,0,126,Employee,7158175,433663413,0,Social Media,0,Qualified
974,Small,Tourism,Matara,10,46,8,0,67,Employee,4117763,287407119,0,Cold Call,0,Contacted
975,Small,Healthcare,Kandy,64,12,9,0,30,Employee,8031827,34221319,0,Referral,0,New
976,Small,Retail,Galle,18,47,14,0,114,Manager,8535969,225643799,0,Website,0,New
977,Small,Finance,Colombo,8,48,4,0,29,Employee,7236735,354909452,0,Website,0,Qualified
978,Small,Healthcare,Trincomalee,26,28,15,0,131,Employee,8332823,171006428,1,Website,0,Qualified
979,Small,IT/Software,Colombo,33,38,12,0,30,C-Level,2339665,275877855,0,Social Media,0,Qualified
980,Small,IT/Software,Jaffna,43,23,19,1,137,Employee,6463395,332570391,0,Website,0,Contacted
981,Small,IT/Software,Kurunegala,67,25,17,0,154,Employee,3523604,288815759,1,Cold Call,0,New
982,Medium,Agriculture,Colombo,99,16,10,0,130,Employee,6184556,284004682,1,Cold Call,0,Negotiation
983,Small,IT/Software,Kurunegala,81,6,8,0,62,Employee,1944348,252652575,0,Referral,0,Negotiation
984,Small,Retail,Kurunegala,14,12,15,1,3,Manager,859848,285709765,0,Social Media,0,Contacted
985,Medium,Finance,Jaffna,50,4,1,0,174,Employee,7200282,13206970,1,Cold Call,0,New
986,Small,Education,Jaffna,12,25,1,0,68,Employee,9897885,140179554,0,Trade Show,0,Contacted
987,Medium,Manufacturing,Jaffna,82,48,11,0,25,Manager,1692023,241080672,0,Trade Show,0,Proposal
988,Small,Retail,Colombo,48,2,7,0,179,Manager,8610974,267070033,1,Trade Show,0,Qualified
989,Small,Retail,Matara,69,6,8,0,141,C-Level,2393316,477398756,0,Website,0,Qualified
990,Medium,Agriculture,Jaffna,55,48,11,1,44,Manager,9281252,10672204,0,Website,0,New
991,Medium,Education,Trincomalee,75,38,8,0,163,Employee,1639152,135213833,0,Trade Show,0,New
992,Medium,Education,Colombo,50,0,9,0,55,Employee,923837,168822052,0,Referral,0,New
993,Small,Manufacturing,Jaffna,36,48,1,0,137,Employee,8881384,91359129,1,Referral,0,Proposal
994,Small,Manufacturing,Negombo,16,16,15,1,130,Employee,456440,22849453,0,Website,0,Contacted
995,Small,Education,Kurunegala,57,42,19,0,41,Manager,941618,259688976,1,Trade Show,1,Qualified
996,Small,IT/Software,Trincomalee,86,24,6,0,172,Manager,9450351,9734143,0,Referral,0,New
997,Large,Retail,Jaffna,89,2,1,0,64,Employee,6091233,309561408,0,Website,0,Proposal
998,Small,Healthcare,Kandy,28,14,0,0,31,Employee,4829124,252412798,0,Trade Show,0,Qualified
999,Large,Manufacturing,Kurunegala,32,28,18,0,47,Employee,1135340,398666520,1,Social Media,0,New
1000,Small,Agriculture,Kurunegala,59,42,3,0,130,C-Level,8466126,238999137,1,Trade Show,0,Proposal
